signal_date,symbol,prediction,side,daily_rank
2025-10-10,LTC,0.8760172324698116,1,1
2025-10-10,BTC,0.8362213377443519,1,2
2025-10-10,BIGTIME,0.8164643746954338,1,3
2025-10-10,TST,0.1138857903636359,-1,4
2025-10-10,AVNT,0.1552185656010658,-1,5
2025-10-10,CAKE,0.1577266581842127,-1,6
2025-10-11,BNB,0.8736949463432129,1,1
2025-10-11,BTC,0.8606959823379368,1,2
2025-10-11,SOL,0.8305041710485288,1,3
2025-10-11,TST,0.1664762221294249,-1,4
2025-10-11,STRK,0.1668789845158496,-1,5
2025-10-11,WLD,0.1855475362066977,-1,6
2025-10-12,XRP,0.9183578523371672,1,1
2025-10-12,BNB,0.8959697010399812,1,2
2025-10-12,BTC,0.8755200980173405,1,3
2025-10-12,SNX,0.1226688253220428,-1,4
2025-10-12,AVNT,0.1294600268217619,-1,5
2025-10-12,YGG,0.1668377773628292,-1,6
2025-10-13,BNB,0.9204462786209682,1,1
2025-10-13,BTC,0.8989365040047177,1,2
2025-10-13,ETH,0.8783334118577301,1,3
2025-10-13,ZEREBRO,0.1453850245681654,-1,4
2025-10-13,ETHFI,0.1516511296693583,-1,5
2025-10-13,ZORA,0.152476244850085,-1,6
2025-10-14,HBAR,0.8934536690044479,1,1
2025-10-14,XRP,0.8582412295442275,1,2
2025-10-14,ALGO,0.8549049085920218,1,3
2025-10-14,AVNT,0.1380054424559723,-1,4
2025-10-14,ZEC,0.1751633691690985,-1,5
2025-10-14,MERL,0.1852616164059792,-1,6
2025-10-15,BNB,0.8519061888888803,1,1
2025-10-15,BTC,0.8355812334634334,1,2
2025-10-15,PAXG,0.8263190749169437,1,3
2025-10-15,SNX,0.0842579754661917,-1,4
2025-10-15,MAV,0.113302488500824,-1,5
2025-10-15,FET,0.1228871034193942,-1,6
2025-10-16,TRX,0.9245120089572396,1,1
2025-10-16,POLYX,0.8858288247371828,1,2
2025-10-16,POL,0.8174964087984302,1,3
2025-10-16,FET,0.095915175767354,-1,4
2025-10-16,CAKE,0.1386240709803513,-1,5
2025-10-16,SNX,0.1390259859974249,-1,6
2025-10-17,BTC,0.9459332690733878,1,1
2025-10-17,TRX,0.9197846602867908,1,2
2025-10-17,POLYX,0.8969505333103711,1,3
2025-10-17,SNX,0.0996448185104791,-1,4
2025-10-17,MAV,0.1244072643477144,-1,5
2025-10-17,OM,0.1280033611079414,-1,6
2025-10-18,BTC,0.9092987375957802,1,1
2025-10-18,ANIME,0.9032572460634608,1,2
2025-10-18,POLYX,0.8903248190460517,1,3
2025-10-18,FET,0.08890628215454,-1,4
2025-10-18,ZEREBRO,0.1033964619993602,-1,5
2025-10-18,SNX,0.1119852460465187,-1,6
2025-10-19,TRX,0.942285487281002,1,1
2025-10-19,BTC,0.931212287449302,1,2
2025-10-19,XLM,0.9071084337757566,1,3
2025-10-19,SNX,0.0957739764443696,-1,4
2025-10-19,FET,0.1213471952496972,-1,5
2025-10-19,OM,0.1424838811420952,-1,6
2025-10-20,BNB,0.8859078119472861,1,1
2025-10-20,ETH,0.8627455160267944,1,2
2025-10-20,SAND,0.8606464728606006,1,3
2025-10-20,YGG,0.1352258616914375,-1,4
2025-10-20,RSR,0.1492628612823672,-1,5
2025-10-20,STBL,0.1539032214079727,-1,6
2025-10-21,BTC,0.9454579495799535,1,1
2025-10-21,ALGO,0.8863662866100316,1,2
2025-10-21,XLM,0.8655685314140922,1,3
2025-10-21,FET,0.1003825832158442,-1,4
2025-10-21,AVNT,0.1436872271708339,-1,5
2025-10-21,FTT,0.1708488877021431,-1,6
2025-10-22,BTC,0.971876715356234,1,1
2025-10-22,TRX,0.93119980738043,1,2
2025-10-22,POLYX,0.9108914163341172,1,3
2025-10-22,FET,0.0988998281722057,-1,4
2025-10-22,SNX,0.1014091531983267,-1,5
2025-10-22,TST,0.1217569722041316,-1,6
2025-10-23,TRX,0.9740307554422226,1,1
2025-10-23,BTC,0.9623047425569224,1,2
2025-10-23,ALGO,0.8852682621837937,1,3
2025-10-23,SNX,0.0506930404180486,-1,4
2025-10-23,TST,0.1098537541285949,-1,5
2025-10-23,ZEN,0.1116818644239544,-1,6
2025-10-24,BTC,0.9372048343927444,1,1
2025-10-24,GAS,0.91896344695543,1,2
2025-10-24,ADA,0.878321922910925,1,3
2025-10-24,SNX,0.0886509484073356,-1,4
2025-10-24,SPX,0.1539472526455296,-1,5
2025-10-24,FARTCOIN,0.15594199277259,-1,6
2025-10-25,XRP,0.939141080162536,1,1
2025-10-25,ETH,0.926063206800932,1,2
2025-10-25,XLM,0.9117727170799133,1,3
2025-10-25,BRETT,0.1017548783410896,-1,4
2025-10-25,SNX,0.1498188476647622,-1,5
2025-10-25,AVNT,0.1530956237725263,-1,6
2025-10-26,BTC,0.956354383826586,1,1
2025-10-26,XLM,0.9423651784358792,1,2
2025-10-26,LTC,0.906938723304346,1,3
2025-10-26,SNX,0.0915747127355064,-1,4
2025-10-26,FET,0.1299125927641485,-1,5
2025-10-26,AVNT,0.1793869043851363,-1,6
2025-10-27,ETH,0.9578859523276518,1,1
2025-10-27,BTC,0.9222943164824944,1,2
2025-10-27,HBAR,0.868317975973357,1,3
2025-10-27,SNX,0.0618199984333409,-1,4
2025-10-27,MAVIA,0.0863597432037148,-1,5
2025-10-27,BANANA,0.1577711333766224,-1,6
2025-10-28,BTC,0.9471279983424452,1,1
2025-10-28,ETH,0.9352869378130414,1,2
2025-10-28,XRP,0.9162038017835296,1,3
2025-10-28,SNX,0.0922362388218302,-1,4
2025-10-28,TST,0.1046716453803235,-1,5
2025-10-28,MERL,0.1487603797837816,-1,6
2025-10-29,BTC,0.9589790820858748,1,1
2025-10-29,XRP,0.9177854562964244,1,2
2025-10-29,POLYX,0.8802523791010278,1,3
2025-10-29,SNX,0.0904276271924027,-1,4
2025-10-29,MERL,0.097740851032516,-1,5
2025-10-29,YGG,0.1061181299969732,-1,6
2025-10-30,LTC,0.8769184497433783,1,1
2025-10-30,GAS,0.8761883486851378,1,2
2025-10-30,SOL,0.8522119442584953,1,3
2025-10-30,SNX,0.067361662117707,-1,4
2025-10-30,TST,0.1246443812168582,-1,5
2025-10-30,ETHFI,0.1802729247951833,-1,6
2025-10-31,BTC,0.9208146081896712,1,1
2025-10-31,BNB,0.8868435080489634,1,2
2025-10-31,SOL,0.8778801434313566,1,3
2025-10-31,SNX,0.0590041508556303,-1,4
2025-10-31,YGG,0.1039771232602091,-1,5
2025-10-31,TST,0.1375877477768866,-1,6
2025-11-01,BTC,0.951320578154985,1,1
2025-11-01,SOL,0.9383863614226882,1,2
2025-11-01,XRP,0.9290952346701148,1,3
2025-11-01,SNX,0.0692508928645466,-1,4
2025-11-01,0G,0.1232850020115369,-1,5
2025-11-01,ZK,0.1272410481537055,-1,6
2025-11-02,BTC,0.9131771464304728,1,1
2025-11-02,ETC,0.9024388146669604,1,2
2025-11-02,BCH,0.9023281547028436,1,3
2025-11-02,SNX,0.070816792780132,-1,4
2025-11-02,MAVIA,0.0735691945401623,-1,5
2025-11-02,EIGEN,0.1221377198622292,-1,6
2025-11-03,BTC,0.9732135026966644,1,1
2025-11-03,ETH,0.937899128461882,1,2
2025-11-03,XRP,0.9320990428972254,1,3
2025-11-03,TST,0.1453420466932924,-1,4
2025-11-03,AI16Z,0.1477860843765677,-1,5
2025-11-03,ZEREBRO,0.1535218402247232,-1,6
2025-11-04,BTC,0.978148046655934,1,1
2025-11-04,BNB,0.9053770880195494,1,2
2025-11-04,ETH,0.9004292730130149,1,3
2025-11-04,ZK,0.0823977216052249,-1,4
2025-11-04,SNX,0.0834792099990696,-1,5
2025-11-04,MINA,0.1279572159462223,-1,6
2025-11-05,TRX,0.9378039076770548,1,1
2025-11-05,BTC,0.8757475767986981,1,2
2025-11-05,POL,0.8573854842410599,1,3
2025-11-05,AI16Z,0.1398771692101116,-1,4
2025-11-05,YGG,0.1534563773543286,-1,5
2025-11-05,MAVIA,0.1751403282941406,-1,6
2025-11-06,BTC,0.9589260308798068,1,1
2025-11-06,XRP,0.938906753051537,1,2
2025-11-06,SOL,0.9016999788442996,1,3
2025-11-06,MAVIA,0.0639259626526591,-1,4
2025-11-06,ZEN,0.1152077543600296,-1,5
2025-11-06,DYM,0.1415841392952931,-1,6
2025-11-07,BTC,0.9110266714405376,1,1
2025-11-07,ETC,0.8536536187343572,1,2
2025-11-07,XRP,0.8313015173311598,1,3
2025-11-07,ZK,0.0741195982475428,-1,4
2025-11-07,TST,0.0982038563885783,-1,5
2025-11-07,DYM,0.1453877623098947,-1,6
2025-11-08,BTC,0.914785847045638,1,1
2025-11-08,BCH,0.8761161225802614,1,2
2025-11-08,XRP,0.8731682705088237,1,3
2025-11-08,ZK,0.0671295256863959,-1,4
2025-11-08,DYM,0.1192457896178248,-1,5
2025-11-08,MAVIA,0.1515641635685019,-1,6
2025-11-09,BTC,0.8956681020577166,1,1
2025-11-09,LTC,0.839260967535335,1,2
2025-11-09,POLYX,0.8384211570591069,1,3
2025-11-09,ZK,0.0975647736436844,-1,4
2025-11-09,ZEN,0.1227017998041062,-1,5
2025-11-09,ZEREBRO,0.1622787161595228,-1,6
2025-11-10,XRP,0.9358782894141808,1,1
2025-11-10,BTC,0.89686277585649,1,2
2025-11-10,SOL,0.8799508153624606,1,3
2025-11-10,MINA,0.0905539749097788,-1,4
2025-11-10,MAVIA,0.1119761809261355,-1,5
2025-11-10,AR,0.1385487620020108,-1,6
2025-11-11,BTC,0.9496157680524812,1,1
2025-11-11,XRP,0.9168006936831096,1,2
2025-11-11,TRX,0.8862072072969763,1,3
2025-11-11,FIL,0.091688345309535,-1,4
2025-11-11,ZEN,0.1238627042822497,-1,5
2025-11-11,MAVIA,0.1483290507243222,-1,6
2025-11-12,BTC,0.9434999914839488,1,1
2025-11-12,XRP,0.9188181769265296,1,2
2025-11-12,TRX,0.9166487376649458,1,3
2025-11-12,MINA,0.0672401086152975,-1,4
2025-11-12,FIL,0.0770565102961925,-1,5
2025-11-12,ZEREBRO,0.1027379563850215,-1,6
2025-11-13,XRP,0.9271125934963144,1,1
2025-11-13,BCH,0.9249707493639844,1,2
2025-11-13,BTC,0.9127727045751018,1,3
2025-11-13,FIL,0.0719894419051691,-1,4
2025-11-13,FET,0.086354780374939,-1,5
2025-11-13,STRK,0.1160807736046755,-1,6
2025-11-14,TRX,0.9184340496267448,1,1
2025-11-14,BCH,0.9125067846089452,1,2
2025-11-14,BTC,0.9012806928859728,1,3
2025-11-14,FET,0.0911388480793103,-1,4
2025-11-14,FIL,0.0934174755736521,-1,5
2025-11-14,ZK,0.1479232078493379,-1,6
2025-11-15,TRX,0.9343361821887431,1,1
2025-11-15,BNB,0.8721001986005665,1,2
2025-11-15,POL,0.8606948105259535,1,3
2025-11-15,FET,0.1197327722942723,-1,4
2025-11-15,ICP,0.1302722403337507,-1,5
2025-11-15,AR,0.13256456431295,-1,6
2025-11-16,BTC,0.9478393457144252,1,1
2025-11-16,BNB,0.9308617271507852,1,2
2025-11-16,TRX,0.8967201013100342,1,3
2025-11-16,ZK,0.0966169949855604,-1,4
2025-11-16,MAVIA,0.1507442340080138,-1,5
2025-11-16,ICP,0.1708669193638402,-1,6
2025-11-17,XRP,0.9274943260018914,1,1
2025-11-17,TRX,0.8929648659254494,1,2
2025-11-17,BTC,0.8887248705621265,1,3
2025-11-17,FET,0.1484803398947971,-1,4
2025-11-17,MINA,0.1564682222953788,-1,5
2025-11-17,FIL,0.166493879950151,-1,6
2025-11-18,TRX,0.9424084831980624,1,1
2025-11-18,PAXG,0.9320517454441084,1,2
2025-11-18,BNB,0.9192535012165088,1,3
2025-11-18,STRK,0.1311454961788284,-1,4
2025-11-18,ZK,0.1359316800374887,-1,5
2025-11-18,MAVIA,0.1721492099576706,-1,6
2025-11-19,BCH,0.9549939978259904,1,1
2025-11-19,ETH,0.8860466179979607,1,2
2025-11-19,XRP,0.8728833388034081,1,3
2025-11-19,ZEREBRO,0.0873201610477819,-1,4
2025-11-19,FIL,0.1283871501638696,-1,5
2025-11-19,VIRTUAL,0.1345717354762953,-1,6
2025-11-20,BTC,0.8666858862695161,1,1
2025-11-20,PAXG,0.8478052151174436,1,2
2025-11-20,SAND,0.8395222914852253,1,3
2025-11-20,MINA,0.0933502155420032,-1,4
2025-11-20,FIL,0.1072810438897985,-1,5
2025-11-20,ZEN,0.1402966715095948,-1,6
2025-11-21,TRX,0.894099032899264,1,1
2025-11-21,PAXG,0.8908754089960257,1,2
2025-11-21,BTC,0.8614151280810184,1,3
2025-11-21,MINA,0.1175947798061479,-1,4
2025-11-21,ZK,0.1227757142734811,-1,5
2025-11-21,ICP,0.1506443548986021,-1,6
2025-11-22,TRX,0.920886613756669,1,1
2025-11-22,PAXG,0.8657325991683542,1,2
2025-11-22,XRP,0.8595791132130971,1,3
2025-11-22,ZK,0.1172956457423919,-1,4
2025-11-22,STRK,0.1543740606316556,-1,5
2025-11-22,MINA,0.1644427439139568,-1,6
2025-11-23,BNB,0.8826298390771362,1,1
2025-11-23,BTC,0.8731147294584891,1,2
2025-11-23,ETH,0.8644133560647569,1,3
2025-11-23,ICP,0.1162061056299322,-1,4
2025-11-23,ZK,0.1238047481370286,-1,5
2025-11-23,MINA,0.1238363205330067,-1,6
2025-11-24,XRP,0.9312239009982336,1,1
2025-11-24,PAXG,0.9297746076390044,1,2
2025-11-24,BTC,0.9297429129325312,1,3
2025-11-24,ZK,0.132299220342363,-1,4
2025-11-24,FET,0.1736913586281381,-1,5
2025-11-24,MAVIA,0.1741529370019553,-1,6
2025-11-25,ETH,0.8994599940707994,1,1
2025-11-25,XRP,0.8807389650448687,1,2
2025-11-25,SOL,0.86593572729101,1,3
2025-11-25,STRK,0.077400077593019,-1,4
2025-11-25,GRASS,0.107749894139248,-1,5
2025-11-25,MAVIA,0.1294799827525337,-1,6
2025-11-26,ETH,0.8985987094641332,1,1
2025-11-26,GAS,0.8905646908010896,1,2
2025-11-26,COMP,0.8754225059612532,1,3
2025-11-26,TNSR,0.0716907208172372,-1,4
2025-11-26,MAVIA,0.1149404183874266,-1,5
2025-11-26,DYM,0.1683806891302053,-1,6
2025-11-27,BNB,0.913489059654354,1,1
2025-11-27,BTC,0.9096195340349764,1,2
2025-11-27,ETH,0.8670045485310933,1,3
2025-11-27,TNSR,0.0715189235174344,-1,4
2025-11-27,MAVIA,0.1129766983975529,-1,5
2025-11-27,ZK,0.134366009835744,-1,6
2025-11-28,BTC,0.9602809650322824,1,1
2025-11-28,TRX,0.9440066382719108,1,2
2025-11-28,BNB,0.906841534537154,1,3
2025-11-28,TNSR,0.0623539607147299,-1,4
2025-11-28,USUAL,0.1064135700421577,-1,5
2025-11-28,MAVIA,0.1402730576438275,-1,6
2025-11-29,TRX,0.94066210064008,1,1
2025-11-29,PAXG,0.9154571903756394,1,2
2025-11-29,BTC,0.9062841382253084,1,3
2025-11-29,TNSR,0.0689791585103122,-1,4
2025-11-29,WCT,0.0990619857226413,-1,5
2025-11-29,MAVIA,0.1056724855184979,-1,6
2025-11-30,BTC,0.9334972987415991,1,1
2025-11-30,TRX,0.9271589885616098,1,2
2025-11-30,PAXG,0.926563534214718,1,3
2025-11-30,TNSR,0.0415525973606453,-1,4
2025-11-30,STRK,0.1205007291860439,-1,5
2025-11-30,USUAL,0.1327973877678434,-1,6
2025-12-01,TRX,0.9468051991133444,1,1
2025-12-01,BNB,0.9350943092633625,1,2
2025-12-01,BTC,0.9264497027425206,1,3
2025-12-01,ALT,0.1178941520886706,-1,4
2025-12-01,ZK,0.1308411888388188,-1,5
2025-12-01,DYM,0.1528614969458548,-1,6
2025-12-02,PAXG,0.9188312535799426,1,1
2025-12-02,TRX,0.9172610561340436,1,2
2025-12-02,BTC,0.8299417545572163,1,3
2025-12-02,TNSR,0.0542976180507436,-1,4
2025-12-02,WCT,0.153587879108248,-1,5
2025-12-02,TIA,0.1751044931703341,-1,6
2025-12-03,XRP,0.9140755755132166,1,1
2025-12-03,BTC,0.9130787077169008,1,2
2025-12-03,SOL,0.8787110972174361,1,3
2025-12-03,WCT,0.1516164814040481,-1,4
2025-12-03,SUPER,0.1555609532578452,-1,5
2025-12-03,HMSTR,0.1664369251775666,-1,6
2025-12-04,BNB,0.9320908878098008,1,1
2025-12-04,ETH,0.9207854979779226,1,2
2025-12-04,BTC,0.9138730879595052,1,3
2025-12-04,TNSR,0.0572728364848268,-1,4
2025-12-04,DYM,0.1321335325922381,-1,5
2025-12-04,0G,0.1668438577241091,-1,6
2025-12-05,TRX,0.9438688822104218,1,1
2025-12-05,BTC,0.9269909974510684,1,2
2025-12-05,BNB,0.8920671280700727,1,3
2025-12-05,TNSR,0.0777685684153174,-1,4
2025-12-05,WCT,0.1381427897646684,-1,5
2025-12-05,LINEA,0.1622826681327182,-1,6
2025-12-06,TRX,0.9563549416463256,1,1
2025-12-06,BTC,0.9351495448897756,1,2
2025-12-06,ETH,0.8845430567427992,1,3
2025-12-06,TNSR,0.0988341540718343,-1,4
2025-12-06,WCT,0.1380175251950422,-1,5
2025-12-06,DYM,0.1857984901304896,-1,6
2025-12-07,BNB,0.8759689241488304,1,1
2025-12-07,TRX,0.8641512441139568,1,2
2025-12-07,GAS,0.8389232513350167,1,3
2025-12-07,TNSR,0.1217215624866201,-1,4
2025-12-07,SUPER,0.136882561799451,-1,5
2025-12-07,RESOLV,0.1473685844577781,-1,6
2025-12-08,TRX,0.9419426113550752,1,1
2025-12-08,BNB,0.9305682096143152,1,2
2025-12-08,BTC,0.9265851157675394,1,3
2025-12-08,TNSR,0.0613895382987273,-1,4
2025-12-08,TIA,0.1848900397531379,-1,5
2025-12-08,NOT,0.1934286544446797,-1,6
2025-12-09,BTC,0.9191380880232244,1,1
2025-12-09,ADA,0.8841027414487709,1,2
2025-12-09,ETH,0.8818860436508197,1,3
2025-12-09,TNSR,0.0470215562490532,-1,4
2025-12-09,TURBO,0.1589967504014822,-1,5
2025-12-09,HMSTR,0.1689944200333294,-1,6
2025-12-10,BTC,0.885480014512323,1,1
2025-12-10,ETH,0.8714785296411309,1,2
2025-12-10,XLM,0.8609954635600885,1,3
2025-12-10,TNSR,0.0954782377265116,-1,4
2025-12-10,DYM,0.1409405858203446,-1,5
2025-12-10,HMSTR,0.1488515520127032,-1,6
2025-12-11,BTC,0.921586599848928,1,1
2025-12-11,PAXG,0.9036991805533876,1,2
2025-12-11,XLM,0.8793048931252072,1,3
2025-12-11,TNSR,0.0995068663992213,-1,4
2025-12-11,ZEC,0.1863986627932017,-1,5
2025-12-11,WCT,0.1874654504707151,-1,6
2025-12-12,PAXG,0.9522090392261756,1,1
2025-12-12,BTC,0.9515297339273202,1,2
2025-12-12,TRX,0.9300289710938252,1,3
2025-12-12,HMSTR,0.1509585790086266,-1,4
2025-12-12,XAI,0.1679370101051993,-1,5
2025-12-12,ZEN,0.1751007528938707,-1,6
2025-12-13,BNB,0.9217193808356936,1,1
2025-12-13,PAXG,0.9186739946680076,1,2
2025-12-13,BCH,0.9054439461251824,1,3
2025-12-13,MAVIA,0.1306424694066343,-1,4
2025-12-13,TNSR,0.1437138175769468,-1,5
2025-12-13,HMSTR,0.1750081009370599,-1,6
2025-12-14,BTC,0.9413565834958276,1,1
2025-12-14,BNB,0.9382614191180296,1,2
2025-12-14,PAXG,0.8964460741980994,1,3
2025-12-14,DYM,0.1315535106466963,-1,4
2025-12-14,USTC,0.1412154849910077,-1,5
2025-12-14,TNSR,0.1466622610510046,-1,6
2025-12-15,TRX,0.960977859510012,1,1
2025-12-15,PAXG,0.948493443829485,1,2
2025-12-15,BTC,0.9362031518253636,1,3
2025-12-15,TNSR,0.0774122152859227,-1,4
2025-12-15,ZEC,0.1243360003471423,-1,5
2025-12-15,EIGEN,0.181969465841083,-1,6
2025-12-16,TRX,0.9601439780882284,1,1
2025-12-16,BTC,0.9044438980821226,1,2
2025-12-16,BNB,0.8595818717174825,1,3
2025-12-16,TNSR,0.0649904839669726,-1,4
2025-12-16,MAVIA,0.1529288531294692,-1,5
2025-12-16,USUAL,0.1684612971733805,-1,6
2025-12-17,TRX,0.928254045972886,1,1
2025-12-17,BNB,0.90850321456881,1,2
2025-12-17,LTC,0.891391740751255,1,3
2025-12-17,TNSR,0.0561174453862513,-1,4
2025-12-17,MOVE,0.1251477039964875,-1,5
2025-12-17,MERL,0.1363410814918264,-1,6
2025-12-18,TRX,0.9174220573405008,1,1
2025-12-18,BTC,0.917175570974982,1,2
2025-12-18,BNB,0.8715902410945326,1,3
2025-12-18,ZEC,0.1221015431269854,-1,4
2025-12-18,TNSR,0.1259289638341119,-1,5
2025-12-18,MOVE,0.1860845945625603,-1,6
2025-12-19,BTC,0.9243665171871758,1,1
2025-12-19,BNB,0.8888877426818004,1,2
2025-12-19,TRX,0.8766079536116665,1,3
2025-12-19,TNSR,0.1013622551375616,-1,4
2025-12-19,ZK,0.1701988904892936,-1,5
2025-12-19,0G,0.1750683203430292,-1,6
2025-12-20,BTC,0.8838207271572716,1,1
2025-12-20,XRP,0.8385085695157259,1,2
2025-12-20,TON,0.8383916725125259,1,3
2025-12-20,USTC,0.1352653972730048,-1,4
2025-12-20,TNSR,0.1574188467145795,-1,5
2025-12-20,MOVE,0.169840551898793,-1,6
2025-12-21,BTC,0.9068625538781084,1,1
2025-12-21,XRP,0.8775773739261578,1,2
2025-12-21,TRX,0.8744629783373205,1,3
2025-12-21,TNSR,0.1302789675164586,-1,4
2025-12-21,AIXBT,0.1608572959845704,-1,5
2025-12-21,JTO,0.1839817397343106,-1,6
2025-12-22,BTC,0.9670687573195568,1,1
2025-12-22,TRX,0.9325833212387948,1,2
2025-12-22,BNB,0.8965997132703792,1,3
2025-12-22,TNSR,0.1361246062817603,-1,4
2025-12-22,ICP,0.1784380930363578,-1,5
2025-12-22,USTC,0.1794592017608981,-1,6
2025-12-23,ETC,0.8833887970863084,1,1
2025-12-23,XLM,0.8576931127989823,1,2
2025-12-23,AVAX,0.8541944707578459,1,3
2025-12-23,ME,0.1433911233682388,-1,4
2025-12-23,TNSR,0.1530023359317811,-1,5
2025-12-23,HMSTR,0.1544742805414637,-1,6
2025-12-24,BTC,0.911442611522278,1,1
2025-12-24,ATOM,0.8876244556677428,1,2
2025-12-24,TON,0.8557150379890566,1,3
2025-12-24,ME,0.0921099492818922,-1,4
2025-12-24,TNSR,0.1580233135060678,-1,5
2025-12-24,ZEC,0.1833364207477627,-1,6
2025-12-25,BTC,0.9686281879618152,1,1
2025-12-25,TON,0.9347527872572422,1,2
2025-12-25,BNB,0.9139375524420916,1,3
2025-12-25,MOVE,0.1563141389311892,-1,4
2025-12-25,POLYX,0.1657033006516724,-1,5
2025-12-25,YGG,0.1729738320484448,-1,6
2025-12-26,BTC,0.9266214620974657,1,1
2025-12-26,BCH,0.9094145009738022,1,2
2025-12-26,TON,0.898350519536563,1,3
2025-12-26,MOVE,0.172008169399165,-1,4
2025-12-26,IP,0.1859706088382227,-1,5
2025-12-26,ME,0.1863438166096517,-1,6
2025-12-27,BTC,0.8773008336586475,1,1
2025-12-27,ATOM,0.872843445935863,1,2
2025-12-27,ALGO,0.8637298526267331,1,3
2025-12-27,BANANA,0.1152579208150685,-1,4
2025-12-27,MOVE,0.1252748276889684,-1,5
2025-12-27,HMSTR,0.1368280187597173,-1,6
2025-12-28,TRX,0.9215651081010824,1,1
2025-12-28,BCH,0.9163903890619216,1,2
2025-12-28,TON,0.906018963674846,1,3
2025-12-28,MOVE,0.1048453408835183,-1,4
2025-12-28,BANANA,0.1424572737535757,-1,5
2025-12-28,MAVIA,0.1470030116296698,-1,6
2025-12-29,BNB,0.9705313912953908,1,1
2025-12-29,BTC,0.9607771143250772,1,2
2025-12-29,TRX,0.9570152232049928,1,3
2025-12-29,MOVE,0.133137313256921,-1,4
2025-12-29,STRK,0.1340285385191951,-1,5
2025-12-29,ME,0.1348335120472653,-1,6
2025-12-30,BNB,0.9624863302128044,1,1
2025-12-30,BTC,0.9545455663274512,1,2
2025-12-30,TRX,0.927566470171834,1,3
2025-12-30,GMT,0.1328597300558205,-1,4
2025-12-30,STRK,0.1475356877315464,-1,5
2025-12-30,EIGEN,0.1571189001618633,-1,6
2025-12-31,BNB,0.9726671855798754,1,1
2025-12-31,BTC,0.9615597140049142,1,2
2025-12-31,ETH,0.9363327437437794,1,3
2025-12-31,TNSR,0.0848817864148618,-1,4
2025-12-31,GMT,0.0858877648489463,-1,5
2025-12-31,AIXBT,0.146961827499174,-1,6
2026-01-01,BNB,0.963655341667082,1,1
2026-01-01,BTC,0.9104683013142127,1,2
2026-01-01,ETH,0.8969755330179455,1,3
2026-01-01,GMT,0.0999615973469217,-1,4
2026-01-01,TNSR,0.1497500412586134,-1,5
2026-01-01,USTC,0.1623813525267733,-1,6
2026-01-02,BTC,0.8920428678195921,1,1
2026-01-02,ATOM,0.8795515558128713,1,2
2026-01-02,ETH,0.8639908390141503,1,3
2026-01-02,POLYX,0.0752422894754784,-1,4
2026-01-02,MERL,0.1316028620768059,-1,5
2026-01-02,AVNT,0.1444849597300293,-1,6
2026-01-03,XRP,0.8877872939838578,1,1
2026-01-03,SOL,0.8839130427441194,1,2
2026-01-03,ATOM,0.8594582251142263,1,3
2026-01-03,REZ,0.118672521265101,-1,4
2026-01-03,AVNT,0.1376779817696719,-1,5
2026-01-03,TURBO,0.1389547127366916,-1,6
2026-01-04,TRX,0.9204583518499596,1,1
2026-01-04,ATOM,0.8923346547617492,1,2
2026-01-04,BTC,0.8888499141651133,1,3
2026-01-04,MERL,0.0997668331096794,-1,4
2026-01-04,USTC,0.1390180781646484,-1,5
2026-01-04,AVNT,0.1549211587004093,-1,6
2026-01-05,XLM,0.9304676240377192,1,1
2026-01-05,XRP,0.9069194846628992,1,2
2026-01-05,ATOM,0.8743694946441491,1,3
2026-01-05,MERL,0.0935047679858264,-1,4
2026-01-05,AIXBT,0.1229021447356112,-1,5
2026-01-05,REZ,0.1497582444977085,-1,6
2026-01-06,XRP,0.9635577372820006,1,1
2026-01-06,XLM,0.9070733075108406,1,2
2026-01-06,BTC,0.889552187166023,1,3
2026-01-06,MERL,0.1005022877097806,-1,4
2026-01-06,HMSTR,0.1207274569774945,-1,5
2026-01-06,AIXBT,0.1282902420792944,-1,6
2026-01-07,ETH,0.9404890113979224,1,1
2026-01-07,SOL,0.9401767228192736,1,2
2026-01-07,BNB,0.8817304031333281,1,3
2026-01-07,AIXBT,0.1318084780187168,-1,4
2026-01-07,IP,0.1654703354425802,-1,5
2026-01-07,AVNT,0.1776414169341001,-1,6
2026-01-08,TRX,0.8744636019857416,1,1
2026-01-08,SOL,0.8619621458750258,1,2
2026-01-08,ARK,0.8400062469316093,1,3
2026-01-08,MERL,0.1341309835986439,-1,4
2026-01-08,IP,0.1722306893722553,-1,5
2026-01-08,STRK,0.1727818326142252,-1,6
2026-01-09,SOL,0.971763357449418,1,1
2026-01-09,ATOM,0.9098682513622848,1,2
2026-01-09,PAXG,0.860713408347342,1,3
2026-01-09,ZEC,0.0810550100013298,-1,4
2026-01-09,ME,0.1276007384416844,-1,5
2026-01-09,STRK,0.1344351463483505,-1,6
2026-01-10,BNB,0.907200973890008,1,1
2026-01-10,ATOM,0.9000763818433899,1,2
2026-01-10,TRX,0.8937022592980836,1,3
2026-01-10,ZEC,0.1305806898763648,-1,4
2026-01-10,ME,0.1329046382754095,-1,5
2026-01-10,IP,0.1508943453939714,-1,6
2026-01-11,BNB,0.92791457386067,1,1
2026-01-11,TRX,0.8959116076306494,1,2
2026-01-11,CAKE,0.8936066103585142,1,3
2026-01-11,ZEC,0.1066692550630427,-1,4
2026-01-11,USTC,0.1194228424342757,-1,5
2026-01-11,STRK,0.1348242810526052,-1,6
2026-01-12,BTC,0.9553498933615124,1,1
2026-01-12,SOL,0.9538903552648,1,2
2026-01-12,ETH,0.9436606040750308,1,3
2026-01-12,ME,0.1088025268249183,-1,4
2026-01-12,GMT,0.1335606893591075,-1,5
2026-01-12,USTC,0.1525428839376584,-1,6
2026-01-13,BTC,0.9716209602786632,1,1
2026-01-13,BNB,0.961688098771795,1,2
2026-01-13,TRX,0.923093319927514,1,3
2026-01-13,GMT,0.0601347156497367,-1,4
2026-01-13,ME,0.0792837307813612,-1,5
2026-01-13,BIO,0.12431151113718,-1,6
2026-01-14,ETH,0.9324057605674368,1,1
2026-01-14,ETC,0.877708007153246,1,2
2026-01-14,AVAX,0.8715100764068338,1,3
2026-01-14,ZEC,0.0799696101129882,-1,4
2026-01-14,MERL,0.1176590823480127,-1,5
2026-01-14,GMT,0.1388589501807991,-1,6
2026-01-15,ETH,0.977486860989909,1,1
2026-01-15,BTC,0.9769669738545348,1,2
2026-01-15,BNB,0.961117984774586,1,3
2026-01-15,GMT,0.067601753377655,-1,4
2026-01-15,RESOLV,0.159272909319019,-1,5
2026-01-15,RENDER,0.1646421155575606,-1,6
2026-01-16,TRX,0.9664377323429812,1,1
2026-01-16,BTC,0.9551185608728736,1,2
2026-01-16,ETH,0.9486961196156224,1,3
2026-01-16,GMT,0.0810698547575074,-1,4
2026-01-16,ZEC,0.0964955523317805,-1,5
2026-01-16,IP,0.1450435159562774,-1,6
2026-01-17,NEO,0.9110222132319632,1,1
2026-01-17,BNB,0.900600208994213,1,2
2026-01-17,ETC,0.8930355065355895,1,3
2026-01-17,ZEC,0.0544143554538285,-1,4
2026-01-17,WCT,0.1488771689756406,-1,5
2026-01-17,UNI,0.158583024809617,-1,6
2026-01-18,BNB,0.9325848463730696,1,1
2026-01-18,ETH,0.9260006780468492,1,2
2026-01-18,NEO,0.9049652206577348,1,3
2026-01-18,ZEC,0.0664103647514517,-1,4
2026-01-18,ANIME,0.1235691444665525,-1,5
2026-01-18,IP,0.1337104186815147,-1,6
2026-01-19,ETH,0.964309113089862,1,1
2026-01-19,BNB,0.9550592882123792,1,2
2026-01-19,BTC,0.9121355819633112,1,3
2026-01-19,ZEC,0.1155722725153946,-1,4
2026-01-19,LINEA,0.1454100220018799,-1,5
2026-01-19,EIGEN,0.1598679128127925,-1,6
2026-01-20,BTC,0.9384698774677882,1,1
2026-01-20,BNB,0.8951346502015999,1,2
2026-01-20,ETH,0.891399118809777,1,3
2026-01-20,ME,0.079475178524228,-1,4
2026-01-20,TNSR,0.1059854399540935,-1,5
2026-01-20,ZEC,0.1202978848928972,-1,6
2026-01-21,BNB,0.935570634960576,1,1
2026-01-21,BTC,0.930271817528998,1,2
2026-01-21,ETC,0.9155285707437878,1,3
2026-01-21,ME,0.0362789563461652,-1,4
2026-01-21,ZEN,0.0974834091070485,-1,5
2026-01-21,IO,0.1327584467431558,-1,6
2026-01-22,BTC,0.9577252071158376,1,1
2026-01-22,XRP,0.9264206913218356,1,2
2026-01-22,XLM,0.9190336425638832,1,3
2026-01-22,AVNT,0.143959814129552,-1,4
2026-01-22,BERA,0.1655877380342791,-1,5
2026-01-22,0G,0.1860342266694573,-1,6
2026-01-23,BTC,0.9695142472685754,1,1
2026-01-23,BNB,0.9269985716403448,1,2
2026-01-23,TRX,0.8937433814186405,1,3
2026-01-23,ME,0.0802810044015395,-1,4
2026-01-23,TNSR,0.1472624369683293,-1,5
2026-01-23,MEME,0.1573705396873959,-1,6
2026-01-24,BTC,0.9763823074902788,1,1
2026-01-24,BNB,0.9719276851096104,1,2
2026-01-24,ETH,0.9251521939306584,1,3
2026-01-24,ME,0.0571876670134293,-1,4
2026-01-24,KAITO,0.1143273756746717,-1,5
2026-01-24,MERL,0.166249244425603,-1,6
2026-01-25,TON,0.8950757127587894,1,1
2026-01-25,ENS,0.8885867230920526,1,2
2026-01-25,BTC,0.8847137931687471,1,3
2026-01-25,ME,0.0772713199274307,-1,4
2026-01-25,BERA,0.1383947356860268,-1,5
2026-01-25,AVNT,0.1590886561335318,-1,6
2026-01-26,BTC,0.938534826266108,1,1
2026-01-26,TRX,0.9268796992054036,1,2
2026-01-26,BNB,0.9221541898110618,1,3
2026-01-26,SAND,0.0748962679799135,-1,4
2026-01-26,ME,0.0770109183448938,-1,5
2026-01-26,BIO,0.1063428055585219,-1,6
2026-01-27,BTC,0.9737916153974376,1,1
2026-01-27,ETH,0.9489731522109092,1,2
2026-01-27,XRP,0.9202924814317812,1,3
2026-01-27,AIXBT,0.1293694341400509,-1,4
2026-01-27,BERA,0.1466811402809496,-1,5
2026-01-27,ME,0.1627925477717454,-1,6
2026-01-28,BNB,0.9556394685386846,1,1
2026-01-28,ETH,0.9457195823573838,1,2
2026-01-28,BTC,0.9351058466030294,1,3
2026-01-28,SAND,0.1015007622681396,-1,4
2026-01-28,ME,0.1098507632615199,-1,5
2026-01-28,RENDER,0.1308076057425082,-1,6
2026-01-29,BTC,0.9704819053552306,1,1
2026-01-29,BNB,0.9651788860466408,1,2
2026-01-29,XLM,0.9276878673574912,1,3
2026-01-29,ME,0.14525202766952,-1,4
2026-01-29,SAND,0.1676208065121282,-1,5
2026-01-29,BERA,0.1702892845520902,-1,6
2026-01-30,BNB,0.9570381432826012,1,1
2026-01-30,BTC,0.9482092001279526,1,2
2026-01-30,TON,0.9289063986102192,1,3
2026-01-30,ME,0.1120428302308052,-1,4
2026-01-30,VVV,0.1337184364955899,-1,5
2026-01-30,MERL,0.1451633159193335,-1,6
2026-01-31,TON,0.9277232244209268,1,1
2026-01-31,BTC,0.8988274853128371,1,2
2026-01-31,SOL,0.8932609173575032,1,3
2026-01-31,VVV,0.1090470829555529,-1,4
2026-01-31,ME,0.1213576461603066,-1,5
2026-01-31,RENDER,0.132701230960583,-1,6
2026-02-01,BNB,0.956977372334276,1,1
2026-02-01,BTC,0.9404973838571036,1,2
2026-02-01,TRX,0.9360850214823894,1,3
2026-02-01,VVV,0.0601700398233972,-1,4
2026-02-01,ME,0.1292344572608594,-1,5
2026-02-01,IP,0.1463975040911459,-1,6
2026-02-02,BTC,0.9304275874764726,1,1
2026-02-02,TRX,0.9059492578703032,1,2
2026-02-02,TON,0.9049950428562108,1,3
2026-02-02,RENDER,0.1234310489531948,-1,4
2026-02-02,VVV,0.1333265214212728,-1,5
2026-02-02,ZEREBRO,0.1596261659742198,-1,6
2026-02-03,BTC,0.9548578028715274,1,1
2026-02-03,BNB,0.9266245533249378,1,2
2026-02-03,LTC,0.9118825352687148,1,3
2026-02-03,WLD,0.1176050027715828,-1,4
2026-02-03,VVV,0.1494788327059722,-1,5
2026-02-03,LINEA,0.1646401155090106,-1,6
2026-02-04,TRX,0.9445889341902848,1,1
2026-02-04,BTC,0.9088197967970988,1,2
2026-02-04,ETC,0.9040729071237124,1,3
2026-02-04,ZK,0.08107878455311,-1,4
2026-02-04,ZEC,0.1134498526872342,-1,5
2026-02-04,LINEA,0.1503787392704444,-1,6
2026-02-05,TRX,0.9202837121495452,1,1
2026-02-05,BTC,0.9017708264006716,1,2
2026-02-05,ETC,0.8971561203929408,1,3
2026-02-05,ZK,0.1523861104270779,-1,4
2026-02-05,ZEC,0.1551064176459546,-1,5
2026-02-05,BERA,0.1571331888425058,-1,6
2026-02-06,TRX,0.9646774403615992,1,1
2026-02-06,TON,0.9374988771577948,1,2
2026-02-06,ETC,0.9109557251770782,1,3
2026-02-06,ZK,0.1395323848994066,-1,4
2026-02-06,RENDER,0.1397753449231139,-1,5
2026-02-06,MERL,0.1543562931002951,-1,6
2026-02-07,TRX,0.9419792568426352,1,1
2026-02-07,TON,0.9201724032199874,1,2
2026-02-07,ETC,0.91801920794069,1,3
2026-02-07,BERA,0.1000118572682388,-1,4
2026-02-07,SPX,0.1343511814622598,-1,5
2026-02-07,POPCAT,0.1703707021535443,-1,6
2026-02-08,TRX,0.969661617332593,1,1
2026-02-08,LTC,0.9254478027884672,1,2
2026-02-08,ETC,0.9038381997908084,1,3
2026-02-08,BERA,0.0938753408759905,-1,4
2026-02-08,IP,0.1306337583154856,-1,5
2026-02-08,POPCAT,0.137345721152115,-1,6
2026-02-09,TRX,0.973095515220899,1,1
2026-02-09,BTC,0.9130921162678152,1,2
2026-02-09,LTC,0.9091363892163622,1,3
2026-02-09,BERA,0.0775269275279299,-1,4
2026-02-09,VVV,0.1084388256695697,-1,5
2026-02-09,IP,0.1463211886890727,-1,6
2026-02-10,TRX,0.9779579033300024,1,1
2026-02-10,ETC,0.9127640135948184,1,2
2026-02-10,BCH,0.909207775046276,1,3
2026-02-10,BERA,0.0544972785518656,-1,4
2026-02-10,IP,0.13760574976944,-1,5
2026-02-10,VVV,0.1495837364848933,-1,6
2026-02-11,TRX,0.976752877451394,1,1
2026-02-11,TON,0.9181686904423786,1,2
2026-02-11,ETC,0.8982582544644796,1,3
2026-02-11,BERA,0.0837459690967097,-1,4
2026-02-11,IP,0.1200873133131596,-1,5
2026-02-11,VVV,0.1580276631585875,-1,6
2026-02-12,TRX,0.971728284322213,1,1
2026-02-12,TON,0.9144934030061258,1,2
2026-02-12,BNB,0.8999878391712527,1,3
2026-02-12,BERA,0.1070180306020214,-1,4
2026-02-12,IP,0.1519898650235178,-1,5
2026-02-12,VVV,0.1658960078324729,-1,6
2026-02-13,TRX,0.9585985362269666,1,1
2026-02-13,TON,0.917980398507927,1,2
2026-02-13,ETC,0.9164828273072856,1,3
2026-02-13,BERA,0.0395085485081415,-1,4
2026-02-13,IP,0.121218633472428,-1,5
2026-02-13,LINEA,0.1452546446509357,-1,6
2026-02-14,TRX,0.95982711495463,1,1
2026-02-14,TON,0.9230562673069858,1,2
2026-02-14,LTC,0.9206644025997768,1,3
2026-02-14,BERA,0.0381651082897104,-1,4
2026-02-14,TNSR,0.1168210134740377,-1,5
2026-02-14,JUP,0.1301146327193303,-1,6
2026-02-15,TON,0.9495239978700846,1,1
2026-02-15,TRX,0.946858329056407,1,2
2026-02-15,ETC,0.910296304623728,1,3
2026-02-15,BERA,0.0498276199752054,-1,4
2026-02-15,VVV,0.1443240145294838,-1,5
2026-02-15,TNSR,0.1636147514255421,-1,6
2026-02-16,TRX,0.9521934547978712,1,1
2026-02-16,TON,0.9340582009078588,1,2
2026-02-16,AVAX,0.9157152840831492,1,3
2026-02-16,BERA,0.0458342252909692,-1,4
2026-02-16,IP,0.1416642877666086,-1,5
2026-02-16,VVV,0.1545419318693937,-1,6
2026-02-17,TRX,0.9724053135989036,1,1
2026-02-17,BCH,0.918565116272944,1,2
2026-02-17,BTC,0.9109336103146288,1,3
2026-02-17,VVV,0.0750613437375297,-1,4
2026-02-17,BERA,0.0909181618324965,-1,5
2026-02-17,ME,0.126422529859093,-1,6
2026-02-18,TRX,0.9800376053016784,1,1
2026-02-18,BTC,0.911790347367056,1,2
2026-02-18,ETC,0.9052730560128904,1,3
2026-02-18,BERA,0.0689046636253091,-1,4
2026-02-18,VVV,0.1059131375009456,-1,5
2026-02-18,MOVE,0.127318765961089,-1,6
2026-02-19,TRX,0.9832821045733164,1,1
2026-02-19,TON,0.9439500385145444,1,2
2026-02-19,BTC,0.911611334775632,1,3
2026-02-19,VVV,0.0678832277431331,-1,4
2026-02-19,BERA,0.0728847989928994,-1,5
2026-02-19,MERL,0.1308529634411522,-1,6
2026-02-20,TRX,0.982904298995239,1,1
2026-02-20,TON,0.9356143089211096,1,2
2026-02-20,BTC,0.926360288567696,1,3
2026-02-20,MERL,0.100474087665837,-1,4
2026-02-20,BERA,0.1112832948575742,-1,5
2026-02-20,MOVE,0.1123040123622636,-1,6
2026-02-21,TRX,0.9595775960292784,1,1
2026-02-21,BTC,0.9305621181454486,1,2
2026-02-21,BNB,0.9162308440741088,1,3
2026-02-21,BERA,0.0543120533227205,-1,4
2026-02-21,JTO,0.0986793851373815,-1,5
2026-02-21,MERL,0.1307089598218929,-1,6
2026-02-22,TRX,0.9746588319535396,1,1
2026-02-22,BTC,0.9298642950908388,1,2
2026-02-22,AVAX,0.9096733441434564,1,3
2026-02-22,BERA,0.0585433229091699,-1,4
2026-02-22,MERL,0.1245229263600661,-1,5
2026-02-22,JTO,0.1286657254143933,-1,6
2026-02-23,TRX,0.9710673329738994,1,1
2026-02-23,BTC,0.9403927541893148,1,2
2026-02-23,LTC,0.9019287412679682,1,3
2026-02-23,BERA,0.0544967486423174,-1,4
2026-02-23,BIO,0.0939227325471694,-1,5
2026-02-23,JTO,0.1085012976699314,-1,6
2026-02-24,TRX,0.9608383061506194,1,1
2026-02-24,TON,0.9093507985443636,1,2
2026-02-24,BNB,0.8835133594682144,1,3
2026-02-24,BERA,0.0712161012631903,-1,4
2026-02-24,VVV,0.083607862587911,-1,5
2026-02-24,BIO,0.0962204322835067,-1,6
2026-02-25,TRX,0.9606239051746224,1,1
2026-02-25,TON,0.9106876564589116,1,2
2026-02-25,LTC,0.8925054757144179,1,3
2026-02-25,BERA,0.0593314833135161,-1,4
2026-02-25,JTO,0.0960611342317902,-1,5
2026-02-25,BIO,0.1105985073283748,-1,6
2026-02-26,TRX,0.9488467711051326,1,1
2026-02-26,BTC,0.9088505088520004,1,2
2026-02-26,LTC,0.8950857062286104,1,3
2026-02-26,BERA,0.0685688077462291,-1,4
2026-02-26,JTO,0.1271989553690631,-1,5
2026-02-26,VVV,0.1365974539175377,-1,6
2026-02-27,TRX,0.965425231444026,1,1
2026-02-27,BTC,0.9314450015238892,1,2
2026-02-27,BNB,0.9022509861150256,1,3
2026-02-27,BERA,0.07235846106768,-1,4
2026-02-27,OP,0.1210082265842765,-1,5
2026-02-27,BIO,0.1282419371214017,-1,6
2026-02-28,TRX,0.962310079368057,1,1
2026-02-28,BTC,0.9188895301488176,1,2
2026-02-28,TON,0.897763261520724,1,3
2026-02-28,BERA,0.0662617864100185,-1,4
2026-02-28,BIO,0.105949093452805,-1,5
2026-02-28,JTO,0.1371120780769963,-1,6
2026-03-01,BTC,0.9462286610957044,1,1
2026-03-01,TRX,0.9411160840333732,1,2
2026-03-01,BNB,0.9333435428349568,1,3
2026-03-01,BERA,0.0730171105091544,-1,4
2026-03-01,BIO,0.1024306501176495,-1,5
2026-03-01,JTO,0.1529118568295212,-1,6
2026-03-02,TRX,0.9636986233585608,1,1
2026-03-02,BNB,0.9413993711511536,1,2
2026-03-02,BTC,0.9344979431465676,1,3
2026-03-02,BERA,0.0822605375563918,-1,4
2026-03-02,BIO,0.1093089546724219,-1,5
2026-03-02,INIT,0.1510585826631249,-1,6
2026-03-03,TRX,0.9752589793182228,1,1
2026-03-03,BTC,0.946499649498713,1,2
2026-03-03,BNB,0.9149218864272616,1,3
2026-03-03,BERA,0.0499141147932742,-1,4
2026-03-03,BIO,0.1084582658290677,-1,5
2026-03-03,INIT,0.1196258450357414,-1,6
2026-03-04,TRX,0.9388728926910394,1,1
2026-03-04,BTC,0.9304886568043658,1,2
2026-03-04,LTC,0.9262245975414366,1,3
2026-03-04,BERA,0.06213164004828,-1,4
2026-03-04,INIT,0.1528887787676772,-1,5
2026-03-04,JTO,0.1608820827795187,-1,6
2026-03-05,TRX,0.9496492544921326,1,1
2026-03-05,BTC,0.9324462038567182,1,2
2026-03-05,BNB,0.9162472030079446,1,3
2026-03-05,BERA,0.0666444574008076,-1,4
2026-03-05,INIT,0.1434766783624975,-1,5
2026-03-05,JTO,0.1556786543963882,-1,6
2026-03-06,TRX,0.9670967163100532,1,1
2026-03-06,BTC,0.921728348455403,1,2
2026-03-06,BNB,0.9067154672375805,1,3
2026-03-06,BERA,0.0811294802158896,-1,4
2026-03-06,BIO,0.1343501584252878,-1,5
2026-03-06,INIT,0.1597783882669746,-1,6
2026-03-07,TRX,0.955842261540678,1,1
2026-03-07,BTC,0.9235714861508736,1,2
2026-03-07,LTC,0.8903349119345542,1,3
2026-03-07,BERA,0.0653122979470409,-1,4
2026-03-07,BIO,0.1479138724857927,-1,5
2026-03-07,USUAL,0.1696258201690785,-1,6
2026-03-08,TRX,0.9473603231736852,1,1
2026-03-08,BTC,0.9184596949434636,1,2
2026-03-08,BNB,0.908526505230828,1,3
2026-03-08,BERA,0.1055647421992335,-1,4
2026-03-08,INIT,0.1485783631343913,-1,5
2026-03-08,BIO,0.1525422934152472,-1,6
2026-03-09,TRX,0.9271221552915908,1,1
2026-03-09,BNB,0.9240661202447318,1,2
2026-03-09,BTC,0.8946552874514263,1,3
2026-03-09,BERA,0.1066015353026667,-1,4
2026-03-09,AIXBT,0.1354290905320327,-1,5
2026-03-09,INIT,0.1592767020687772,-1,6
2026-03-10,BNB,0.9288641586233678,1,1
2026-03-10,TRX,0.9191469941586924,1,2
2026-03-10,BTC,0.9158412113329936,1,3
2026-03-10,BERA,0.0686376077087692,-1,4
2026-03-10,AIXBT,0.1136017158870009,-1,5
2026-03-10,BIO,0.148841114685398,-1,6
2026-03-11,BTC,0.9483978494569482,1,1
2026-03-11,TRX,0.9270387594317432,1,2
2026-03-11,BNB,0.9072304336920388,1,3
2026-03-11,BERA,0.0855685504770955,-1,4
2026-03-11,JTO,0.1474827683857202,-1,5
2026-03-11,UMA,0.1573969889798,-1,6
2026-03-12,TRX,0.9574086154265918,1,1
2026-03-12,BTC,0.94561432785569,1,2
2026-03-12,BNB,0.9402586161271084,1,3
2026-03-12,BERA,0.1117657421342033,-1,4
2026-03-12,DYM,0.1696286593193074,-1,5
2026-03-12,AIXBT,0.1800997851391146,-1,6
2026-03-13,BNB,0.94192066832901,1,1
2026-03-13,BTC,0.9372795738397568,1,2
2026-03-13,TRX,0.9277004153401452,1,3
2026-03-13,BERA,0.1244959756574927,-1,4
2026-03-13,MOVE,0.1493626325612817,-1,5
2026-03-13,JTO,0.1707167343917013,-1,6
2026-03-14,TRX,0.950070235982498,1,1
2026-03-14,BNB,0.9470294851752842,1,2
2026-03-14,BTC,0.9427962206680202,1,3
2026-03-14,BERA,0.115594638237521,-1,4
2026-03-14,AIXBT,0.1547707678774143,-1,5
2026-03-14,USUAL,0.1678978391470707,-1,6
2026-03-15,TRX,0.9589831158696478,1,1
2026-03-15,BNB,0.9477062546646744,1,2
2026-03-15,BTC,0.9441905180706184,1,3
2026-03-15,BERA,0.1417107843188103,-1,4
2026-03-15,USUAL,0.159887435827102,-1,5
2026-03-15,AIXBT,0.1620227704859363,-1,6
2026-03-16,TRX,0.9579499768550508,1,1
2026-03-16,BNB,0.9442990498824196,1,2
2026-03-16,BTC,0.935525202948277,1,3
2026-03-16,BERA,0.0817910443229075,-1,4
2026-03-16,AIXBT,0.1437359832817119,-1,5
2026-03-16,JUP,0.1595452124363276,-1,6
2026-03-17,BTC,0.9427472936854516,1,1
2026-03-17,BNB,0.932563204790426,1,2
2026-03-17,TRX,0.909357456041528,1,3
2026-03-17,BERA,0.0898547236999808,-1,4
2026-03-17,AIXBT,0.1565859991014041,-1,5
2026-03-17,USUAL,0.1759814356148086,-1,6
2026-03-18,TRX,0.9745299833912634,1,1
2026-03-18,BTC,0.922458456903964,1,2
2026-03-18,BNB,0.9210271274217098,1,3
2026-03-18,BERA,0.0845362833192578,-1,4
2026-03-18,BIO,0.150382893671966,-1,5
2026-03-18,AIXBT,0.1684592844414726,-1,6
2026-03-19,TRX,0.971801924671381,1,1
2026-03-19,BNB,0.9499336936826284,1,2
2026-03-19,BTC,0.9218389657239524,1,3
2026-03-19,BERA,0.0696565136142667,-1,4
2026-03-19,AIXBT,0.1369857917221776,-1,5
2026-03-19,MERL,0.1536948071867165,-1,6
2026-03-20,TRX,0.9719689508830224,1,1
2026-03-20,BNB,0.9436520680182212,1,2
2026-03-20,BTC,0.9188586154383462,1,3
2026-03-20,BERA,0.1065583811519963,-1,4
2026-03-20,BIO,0.1173315511817998,-1,5
2026-03-20,AIXBT,0.1342187515863234,-1,6
2026-03-21,TRX,0.9842292127868444,1,1
2026-03-21,BNB,0.9465209621200934,1,2
2026-03-21,BTC,0.9317044859761692,1,3
2026-03-21,AIXBT,0.0615631497354532,-1,4
2026-03-21,BERA,0.0646342109007517,-1,5
2026-03-21,BIO,0.1059261911897106,-1,6
2026-03-22,TRX,0.9799697897794032,1,1
2026-03-22,BNB,0.9487535610288754,1,2
2026-03-22,BTC,0.9242151505616606,1,3
2026-03-22,BERA,0.0907005418164514,-1,4
2026-03-22,BIO,0.0940074612172867,-1,5
2026-03-22,AIXBT,0.0980560241520545,-1,6
2026-03-23,TRX,0.9597100398228242,1,1
2026-03-23,BNB,0.9520481509517984,1,2
2026-03-23,BTC,0.9048213476977598,1,3
2026-03-23,XAI,0.1105237596494479,-1,4
2026-03-23,USUAL,0.1170068171945314,-1,5
2026-03-23,AIXBT,0.1272330457068879,-1,6
2026-03-24,BNB,0.946682167750422,1,1
2026-03-24,TRX,0.931115691421318,1,2
2026-03-24,BTC,0.904171252463126,1,3
2026-03-24,AIXBT,0.1112711470645543,-1,4
2026-03-24,USUAL,0.1378516375262631,-1,5
2026-03-24,BIO,0.1384479515919751,-1,6
2026-03-25,TRX,0.9456806481750578,1,1
2026-03-25,BNB,0.9389586507599532,1,2
2026-03-25,TON,0.9084917418535486,1,3
2026-03-25,AIXBT,0.1021435306047014,-1,4
2026-03-25,XAI,0.1313256467307739,-1,5
2026-03-25,USUAL,0.1375895242190775,-1,6
2026-03-26,TRX,0.9714325470644772,1,1
2026-03-26,BNB,0.956835630352854,1,2
2026-03-26,BTC,0.902038847823647,1,3
2026-03-26,AIXBT,0.0703592942957338,-1,4
2026-03-26,BIO,0.1202987619342566,-1,5
2026-03-26,USUAL,0.1400743479737668,-1,6
2026-03-27,TRX,0.9608272937708088,1,1
2026-03-27,BNB,0.9556952377493344,1,2
2026-03-27,BTC,0.9097899161843718,1,3
2026-03-27,BIO,0.1214257855460282,-1,4
2026-03-27,XAI,0.1410043258653538,-1,5
2026-03-27,USUAL,0.1442074649579934,-1,6
2026-03-28,BNB,0.9291297142480588,1,1
2026-03-28,TRX,0.9276408846015022,1,2
2026-03-28,BTC,0.8808878950230361,1,3
2026-03-28,AIXBT,0.1261973019980472,-1,4
2026-03-28,BIO,0.1363283911557515,-1,5
2026-03-28,BERA,0.1465735321804684,-1,6
2026-03-29,BNB,0.9267672243103472,1,1
2026-03-29,TON,0.9098445937045532,1,2
2026-03-29,TRX,0.909052556836695,1,3
2026-03-29,AIXBT,0.118282945962182,-1,4
2026-03-29,USUAL,0.1292294964468071,-1,5
2026-03-29,IP,0.1446541522071087,-1,6
2026-03-30,BNB,0.932129862446616,1,1
2026-03-30,TON,0.9068053279994924,1,2
2026-03-30,LTC,0.8949378985369139,1,3
2026-03-30,GRASS,0.1270234922143465,-1,4
2026-03-30,AIXBT,0.139867458054204,-1,5
2026-03-30,IP,0.1484894887023958,-1,6
2026-03-31,BNB,0.9526118329399276,1,1
2026-03-31,TON,0.932722600744664,1,2
2026-03-31,BTC,0.9128789043654438,1,3
2026-03-31,GRASS,0.1197930508770073,-1,4
2026-03-31,REZ,0.1271263028351694,-1,5
2026-03-31,XAI,0.1282836521076566,-1,6
2026-04-01,BNB,0.9568945079649424,1,1
2026-04-01,BTC,0.9352843094712175,1,2
2026-04-01,TRX,0.9238607721088103,1,3
2026-04-01,XAI,0.1187027525131709,-1,4
2026-04-01,ZORA,0.1303507912339284,-1,5
2026-04-01,IP,0.1343539431842698,-1,6
2026-04-02,TRX,0.9686966971977106,1,1
2026-04-02,BNB,0.9367244155284102,1,2
2026-04-02,TON,0.9341439106270304,1,3
2026-04-02,GRASS,0.0819298122798099,-1,4
2026-04-02,XAI,0.10909408745154,-1,5
2026-04-02,DYM,0.1280618241335223,-1,6
2026-04-03,TRX,0.9677579732669722,1,1
2026-04-03,BNB,0.9441108879716824,1,2
2026-04-03,TON,0.931406088572728,1,3
2026-04-03,GRASS,0.1078414035693777,-1,4
2026-04-03,XAI,0.120616510945881,-1,5
2026-04-03,REZ,0.1291731964136839,-1,6
2026-04-04,TRX,0.9615602941960272,1,1
2026-04-04,BNB,0.9290885440962448,1,2
2026-04-04,TON,0.921413555724698,1,3
2026-04-04,GRASS,0.1097451519308572,-1,4
2026-04-04,IP,0.1102073540818632,-1,5
2026-04-04,BERA,0.119966496543571,-1,6
2026-04-05,TRX,0.9652044845928972,1,1
2026-04-05,BNB,0.9402107474727796,1,2
2026-04-05,TON,0.9193345138811552,1,3
2026-04-05,GRASS,0.0947133376210656,-1,4
2026-04-05,JTO,0.0951883375273006,-1,5
2026-04-05,IP,0.1032958957048092,-1,6
2026-04-06,TRX,0.9633376268834234,1,1
2026-04-06,TON,0.9483207529200772,1,2
2026-04-06,BNB,0.9409435319414368,1,3
2026-04-06,GRASS,0.0659162479908144,-1,4
2026-04-06,JTO,0.0732166073024682,-1,5
2026-04-06,BERA,0.0931957925050171,-1,6
2026-04-07,TRX,0.962274709216682,1,1
2026-04-07,TON,0.9442774048514968,1,2
2026-04-07,BNB,0.9377425972877236,1,3
2026-04-07,GRASS,0.0879812175837431,-1,4
2026-04-07,BERA,0.1085931535191072,-1,5
2026-04-07,JTO,0.1124812274648548,-1,6
2026-04-08,TRX,0.9502754415769392,1,1
2026-04-08,BNB,0.9355817019707784,1,2
2026-04-08,TON,0.9229971795620664,1,3
2026-04-08,GRASS,0.0828742490905145,-1,4
2026-04-08,JTO,0.0852299735044436,-1,5
2026-04-08,IP,0.1225601225774018,-1,6
2026-04-09,TRX,0.9619055497358632,1,1
2026-04-09,BNB,0.9174188129337436,1,2
2026-04-09,BTC,0.9124326401159888,1,3
2026-04-09,JTO,0.096029883247962,-1,4
2026-04-09,GRASS,0.1002619461278557,-1,5
2026-04-09,BERA,0.1113478198372435,-1,6
2026-04-10,TRX,0.9673508488672788,1,1
2026-04-10,TON,0.9315622251661446,1,2
2026-04-10,BNB,0.9249235749473376,1,3
2026-04-10,JTO,0.0729824249994382,-1,4
2026-04-10,GRASS,0.1002489630443553,-1,5
2026-04-10,BERA,0.1085749425746453,-1,6
2026-04-11,TRX,0.961843499019546,1,1
2026-04-11,TON,0.9343661994758656,1,2
2026-04-11,BNB,0.9321324370479488,1,3
2026-04-11,SUPER,0.0802543525757547,-1,4
2026-04-11,JTO,0.0876356456392355,-1,5
2026-04-11,IP,0.120160095882097,-1,6
2026-04-12,TRX,0.9483499502105036,1,1
2026-04-12,BNB,0.9371905153067068,1,2
2026-04-12,BTC,0.9064637563990798,1,3
2026-04-12,SUPER,0.0970625035507168,-1,4
2026-04-12,GRASS,0.1044693516773064,-1,5
2026-04-12,BERA,0.1101508709698143,-1,6
2026-04-13,TRX,0.941263066797806,1,1
2026-04-13,BNB,0.933968165067458,1,2
2026-04-13,BTC,0.9297577570461152,1,3
2026-04-13,SUPER,0.0930486164610014,-1,4
2026-04-13,JTO,0.1118516441500963,-1,5
2026-04-13,IP,0.1126276309056155,-1,6
2026-04-14,TRX,0.9399391548201296,1,1
2026-04-14,BNB,0.9311352149823784,1,2
2026-04-14,BTC,0.9297602912625011,1,3
2026-04-14,JTO,0.0812837154288431,-1,4
2026-04-14,SUPER,0.1199605874839377,-1,5
2026-04-14,GRASS,0.1309345096915111,-1,6
2026-04-15,TRX,0.9520879199237792,1,1
2026-04-15,BTC,0.9158408776479754,1,2
2026-04-15,BNB,0.9101358574283336,1,3
2026-04-15,JTO,0.096866590157679,-1,4
2026-04-15,SUPER,0.103084962811461,-1,5
2026-04-15,IP,0.1108470256959416,-1,6
2026-04-16,TRX,0.956624957372236,1,1
2026-04-16,BTC,0.9402853736931353,1,2
2026-04-16,BNB,0.9078582510187924,1,3
2026-04-16,NIL,0.0940089383184802,-1,4
2026-04-16,SUPER,0.095742850220198,-1,5
2026-04-16,JTO,0.1230717607340936,-1,6
2026-04-17,TRX,0.9455021255528608,1,1
2026-04-17,BTC,0.9329365014694444,1,2
2026-04-17,BNB,0.910806265687773,1,3
2026-04-17,SUPER,0.1078150216338654,-1,4
2026-04-17,IP,0.1186697268454142,-1,5
2026-04-17,NIL,0.1245733146130649,-1,6
2026-04-18,TRX,0.9536421076604996,1,1
2026-04-18,BTC,0.9422377427228024,1,2
2026-04-18,ETH,0.9155405058999694,1,3
2026-04-18,IP,0.0827318582206647,-1,4
2026-04-18,NIL,0.1204533968185092,-1,5
2026-04-18,SUPER,0.1209313485186955,-1,6
2026-04-19,TRX,0.9626613397359772,1,1
2026-04-19,LTC,0.8934444855820926,1,2
2026-04-19,XRP,0.8841825626265407,1,3
2026-04-19,IP,0.0885909139021699,-1,4
2026-04-19,MERL,0.1131446671198448,-1,5
2026-04-19,JTO,0.1288230527518218,-1,6
2026-04-20,TRX,0.9330095426279033,1,1
2026-04-20,XRP,0.90652061972914,1,2
2026-04-20,BNB,0.9057895448251356,1,3
2026-04-20,IP,0.1054272441689222,-1,4
2026-04-20,PROVE,0.1468261331359,-1,5
2026-04-20,NIL,0.150827990755346,-1,6
2026-04-21,TRX,0.9396595997821386,1,1
2026-04-21,BTC,0.933024409188562,1,2
2026-04-21,BNB,0.9129083032079228,1,3
2026-04-21,IP,0.1097669604575215,-1,4
2026-04-21,BERA,0.1394835039870377,-1,5
2026-04-21,SAGA,0.1484749552461186,-1,6
2026-04-22,TRX,0.948529828494665,1,1
2026-04-22,BTC,0.9349249936864876,1,2
2026-04-22,BNB,0.9164513271843348,1,3
2026-04-22,IP,0.1055033654541951,-1,4
2026-04-22,SUPER,0.1265658975146376,-1,5
2026-04-22,NIL,0.1399770935770859,-1,6
2026-04-23,BTC,0.9403313236001948,1,1
2026-04-23,TRX,0.9377799975076466,1,2
2026-04-23,BNB,0.9213954103006218,1,3
2026-04-23,IP,0.1114879193061096,-1,4
2026-04-23,SAGA,0.1433488265321561,-1,5
2026-04-23,AVNT,0.1489655201770383,-1,6
2026-04-24,TRX,0.9487772583001176,1,1
2026-04-24,BNB,0.939753122440363,1,2
2026-04-24,BTC,0.9249008202584106,1,3
2026-04-24,IP,0.1324168227385772,-1,4
2026-04-24,XPL,0.1595961973684118,-1,5
2026-04-24,ZRO,0.160168252768851,-1,6
2026-04-25,TRX,0.9379040707138748,1,1
2026-04-25,BTC,0.9286578086015288,1,2
2026-04-25,BNB,0.9237186736365962,1,3
2026-04-25,IP,0.1280854700111697,-1,4
2026-04-25,XPL,0.1337252791183765,-1,5
2026-04-25,ZRO,0.1524764480556658,-1,6
2026-04-26,TRX,0.9425516476034644,1,1
2026-04-26,BTC,0.929566125382467,1,2
2026-04-26,BNB,0.9269385694594864,1,3
2026-04-26,IP,0.1141295209581755,-1,4
2026-04-26,XPL,0.129842828247299,-1,5
2026-04-26,ZRO,0.1380831148783818,-1,6
2026-04-27,BNB,0.9395148039639726,1,1
2026-04-27,BTC,0.919807577851712,1,2
2026-04-27,TRX,0.9086238707907022,1,3
2026-04-27,AVNT,0.1354293320242959,-1,4
2026-04-27,BIO,0.1437831031304444,-1,5
2026-04-27,ZRO,0.1739495371613959,-1,6
2026-04-28,TRX,0.9432328354499032,1,1
2026-04-28,BNB,0.9236180003066744,1,2
2026-04-28,BTC,0.9146135079556744,1,3
2026-04-28,BIO,0.1254598844852701,-1,4
2026-04-28,ZRO,0.1452187556897005,-1,5
2026-04-28,ORDI,0.1547775343735731,-1,6
2026-04-29,TRX,0.9423796594093484,1,1
2026-04-29,BNB,0.9186927421470223,1,2
2026-04-29,BTC,0.8938072950293526,1,3
2026-04-29,ORDI,0.1168621640814132,-1,4
2026-04-29,AVNT,0.1537987000720906,-1,5
2026-04-29,ZRO,0.1583032029072004,-1,6
2026-04-30,TRX,0.9404219057123148,1,1
2026-04-30,BNB,0.9144923707034132,1,2
2026-04-30,BTC,0.8958936719207046,1,3
2026-04-30,BIO,0.1254096129157728,-1,4
2026-04-30,ORDI,0.142307021571391,-1,5
2026-04-30,APE,0.1465520166728502,-1,6
2026-05-01,TRX,0.9279360066443084,1,1
2026-05-01,BNB,0.91410746194988,1,2
2026-05-01,BTC,0.889968498921015,1,3
2026-05-01,ORDI,0.1180947055094672,-1,4
2026-05-01,BIO,0.15087718258053,-1,5
2026-05-01,APE,0.1674322284980024,-1,6
2026-05-02,TRX,0.9160845108355726,1,1
2026-05-02,BNB,0.8965009661211428,1,2
2026-05-02,BTC,0.8886010433214406,1,3
2026-05-02,ORDI,0.1263597771739317,-1,4
2026-05-02,RESOLV,0.1563644203393745,-1,5
2026-05-02,BOME,0.1565617358687516,-1,6
2026-05-03,TRX,0.9202718402943312,1,1
2026-05-03,BNB,0.8991898323719929,1,2
2026-05-03,BTC,0.8799670097613199,1,3
2026-05-03,ORDI,0.1144555527265001,-1,4
2026-05-03,BIO,0.1191600797629401,-1,5
2026-05-03,RESOLV,0.1656574295615892,-1,6
2026-05-04,TRX,0.9153480112745976,1,1
2026-05-04,BNB,0.8955873434908194,1,2
2026-05-04,BTC,0.8712447555577214,1,3
2026-05-04,BIO,0.1087569304168011,-1,4
2026-05-04,ORDI,0.1195723248084146,-1,5
2026-05-04,APE,0.1385577758949635,-1,6
2026-05-05,BNB,0.901403872895582,1,1
2026-05-05,TRX,0.8970288315691735,1,2
2026-05-05,BTC,0.8711530563362185,1,3
2026-05-05,BIO,0.0894919390150667,-1,4
2026-05-05,ORDI,0.0943405403657626,-1,5
2026-05-05,APE,0.1646997678892545,-1,6
2026-05-06,TRX,0.9137656915353496,1,1
2026-05-06,BNB,0.9056314890401896,1,2
2026-05-06,LTC,0.8864938645119486,1,3
2026-05-06,BIO,0.0866384648929036,-1,4
2026-05-06,ORDI,0.1125478403777338,-1,5
2026-05-06,BOME,0.1663343222252405,-1,6
2026-05-07,TRX,0.9225104250137796,1,1
2026-05-07,BNB,0.8986953364905901,1,2
2026-05-07,BTC,0.8760273711056844,1,3
2026-05-07,BIO,0.100972722911963,-1,4
2026-05-07,ORDI,0.129050336324774,-1,5
2026-05-07,BOME,0.1462299495326439,-1,6
