time,signal_date,symbol,side,prediction,price,notional
2025-10-10 19:00:00+00:00,2025-10-10,AVNT,-1,0.1552185656010658,0.78395,10.0
2025-10-10 19:00:00+00:00,2025-10-10,BIGTIME,1,0.8164643746954338,0.044666,10.0
2025-10-10 19:00:00+00:00,2025-10-10,BTC,1,0.8362213377443519,117179.0,10.0
2025-10-10 19:00:00+00:00,2025-10-10,CAKE,-1,0.1577266581842127,3.3617,10.0
2025-10-10 19:00:00+00:00,2025-10-10,LTC,1,0.8760172324698116,126.48,10.0
2025-10-10 19:00:00+00:00,2025-10-10,TST,-1,0.1138857903636359,0.029468,10.0
2025-10-11 19:00:00+00:00,2025-10-11,BNB,1,0.8736949463432129,1173.3,10.0
2025-10-11 19:00:00+00:00,2025-10-11,BTC,1,0.8606959823379368,111923.0,10.0
2025-10-11 19:00:00+00:00,2025-10-11,SOL,1,0.8305041710485288,182.43,10.0
2025-10-11 19:00:00+00:00,2025-10-11,STRK,-1,0.1668789845158496,0.11621,10.0
2025-10-11 19:00:00+00:00,2025-10-11,TST,-1,0.1664762221294249,0.022826,10.0
2025-10-11 19:00:00+00:00,2025-10-11,WLD,-1,0.1855475362066977,0.92239,10.0
2025-10-12 19:00:00+00:00,2025-10-12,AVNT,-1,0.1294600268217619,0.6819,10.0
2025-10-12 19:00:00+00:00,2025-10-12,BNB,1,0.8959697010399812,1300.2,10.0
2025-10-12 19:00:00+00:00,2025-10-12,BTC,1,0.8755200980173405,113861.0,10.0
2025-10-12 19:00:00+00:00,2025-10-12,SNX,-1,0.1226688253220428,1.6139,10.0
2025-10-12 19:00:00+00:00,2025-10-12,XRP,1,0.9183578523371672,2.5118,10.0
2025-10-12 19:00:00+00:00,2025-10-12,YGG,-1,0.1668377773628292,0.13198,10.0
2025-10-13 19:00:00+00:00,2025-10-13,BNB,1,0.9204462786209682,1266.1,10.0
2025-10-13 19:00:00+00:00,2025-10-13,BTC,1,0.8989365040047177,115115.0,10.0
2025-10-13 19:00:00+00:00,2025-10-13,ETH,1,0.8783334118577301,4226.9,10.0
2025-10-13 19:00:00+00:00,2025-10-13,ETHFI,-1,0.1516511296693583,1.3006,10.0
2025-10-13 19:00:00+00:00,2025-10-13,ZEREBRO,-1,0.1453850245681654,0.042867,10.0
2025-10-13 19:00:00+00:00,2025-10-13,ZORA,-1,0.152476244850085,0.091498,10.0
2025-10-14 19:00:00+00:00,2025-10-14,ALGO,1,0.8549049085920218,0.20376,10.0
2025-10-14 19:00:00+00:00,2025-10-14,AVNT,-1,0.1380054424559723,0.61228,10.0
2025-10-14 19:00:00+00:00,2025-10-14,HBAR,1,0.8934536690044479,0.18688,10.0
2025-10-14 19:00:00+00:00,2025-10-14,MERL,-1,0.1852616164059792,0.32879,10.0
2025-10-14 19:00:00+00:00,2025-10-14,XRP,1,0.8582412295442275,2.5016,10.0
2025-10-14 19:00:00+00:00,2025-10-14,ZEC,-1,0.1751633691690985,239.26,10.0
2025-10-15 19:00:00+00:00,2025-10-15,BNB,1,0.8519061888888803,1171.3,10.0
2025-10-15 19:00:00+00:00,2025-10-15,BTC,1,0.8355812334634334,111449.0,10.0
2025-10-15 19:00:00+00:00,2025-10-15,FET,-1,0.1228871034193942,0.30283,10.0
2025-10-15 19:00:00+00:00,2025-10-15,MAV,-1,0.113302488500824,0.042204,10.0
2025-10-15 19:00:00+00:00,2025-10-15,PAXG,1,0.8263190749169437,4218.0,10.0
2025-10-15 19:00:00+00:00,2025-10-15,SNX,-1,0.0842579754661917,1.793,10.0
2025-10-16 19:00:00+00:00,2025-10-16,CAKE,-1,0.1386240709803513,2.9387,10.0
2025-10-16 19:00:00+00:00,2025-10-16,FET,-1,0.095915175767354,0.27865,10.0
2025-10-16 19:00:00+00:00,2025-10-16,POL,1,0.8174964087984302,0.18994,10.0
2025-10-16 19:00:00+00:00,2025-10-16,POLYX,1,0.8858288247371828,0.087398,10.0
2025-10-16 19:00:00+00:00,2025-10-16,SNX,-1,0.1390259859974249,1.5682,10.0
2025-10-16 19:00:00+00:00,2025-10-16,TRX,1,0.9245120089572396,0.31716,10.0
2025-10-17 19:00:00+00:00,2025-10-17,BTC,1,0.9459332690733878,106640.0,10.0
2025-10-17 19:00:00+00:00,2025-10-17,MAV,-1,0.1244072643477144,0.038814,10.0
2025-10-17 19:00:00+00:00,2025-10-17,OM,-1,0.1280033611079414,0.12003,10.0
2025-10-17 19:00:00+00:00,2025-10-17,POLYX,1,0.8969505333103711,0.084065,10.0
2025-10-17 19:00:00+00:00,2025-10-17,SNX,-1,0.0996448185104791,1.4168,10.0
2025-10-17 19:00:00+00:00,2025-10-17,TRX,1,0.9197846602867908,0.30852,10.0
2025-10-18 19:00:00+00:00,2025-10-18,ANIME,1,0.9032572460634608,0.009435,10.0
2025-10-18 19:00:00+00:00,2025-10-18,BTC,1,0.9092987375957802,106816.0,10.0
2025-10-18 19:00:00+00:00,2025-10-18,FET,-1,0.08890628215454,0.25968,10.0
2025-10-18 19:00:00+00:00,2025-10-18,POLYX,1,0.8903248190460517,0.085081,10.0
2025-10-18 19:00:00+00:00,2025-10-18,SNX,-1,0.1119852460465187,1.3761,10.0
2025-10-18 19:00:00+00:00,2025-10-18,ZEREBRO,-1,0.1033964619993602,0.03426,10.0
2025-10-19 19:00:00+00:00,2025-10-19,BTC,1,0.931212287449302,109341.0,10.0
2025-10-19 19:00:00+00:00,2025-10-19,FET,-1,0.1213471952496972,0.29283,10.0
2025-10-19 19:00:00+00:00,2025-10-19,OM,-1,0.1424838811420952,0.12328,10.0
2025-10-19 19:00:00+00:00,2025-10-19,SNX,-1,0.0957739764443696,1.6824,10.0
2025-10-19 19:00:00+00:00,2025-10-19,TRX,1,0.942285487281002,0.32022,10.0
2025-10-19 19:00:00+00:00,2025-10-19,XLM,1,0.9071084337757566,0.31986,10.0
2025-10-20 19:00:00+00:00,2025-10-20,BNB,1,0.8859078119472861,1098.2,10.0
2025-10-20 19:00:00+00:00,2025-10-20,ETH,1,0.8627455160267944,3973.1,10.0
2025-10-20 19:00:00+00:00,2025-10-20,RSR,-1,0.1492628612823672,0.005962,10.0
2025-10-20 19:00:00+00:00,2025-10-20,SAND,1,0.8606464728606006,0.21278,10.0
2025-10-20 19:00:00+00:00,2025-10-20,STBL,-1,0.1539032214079727,0.10702,10.0
2025-10-20 19:00:00+00:00,2025-10-20,YGG,-1,0.1352258616914375,0.14469,10.0
2025-10-21 19:00:00+00:00,2025-10-21,ALGO,1,0.8863662866100316,0.1897,10.0
2025-10-21 19:00:00+00:00,2025-10-21,AVNT,-1,0.1436872271708339,0.64852,10.0
2025-10-21 19:00:00+00:00,2025-10-21,BTC,1,0.9454579495799535,111940.0,10.0
2025-10-21 19:00:00+00:00,2025-10-21,FET,-1,0.1003825832158442,0.25904,10.0
2025-10-21 19:00:00+00:00,2025-10-21,FTT,-1,0.1708488877021431,0.80034,10.0
2025-10-21 19:00:00+00:00,2025-10-21,XLM,1,0.8655685314140922,0.32791,10.0
2025-10-22 19:00:00+00:00,2025-10-22,BTC,1,0.971876715356234,107978.0,10.0
2025-10-22 19:00:00+00:00,2025-10-22,FET,-1,0.0988998281722057,0.23701,10.0
2025-10-22 19:00:00+00:00,2025-10-22,POLYX,1,0.9108914163341172,0.083156,10.0
2025-10-22 19:00:00+00:00,2025-10-22,SNX,-1,0.1014091531983267,1.3234,10.0
2025-10-22 19:00:00+00:00,2025-10-22,TRX,1,0.93119980738043,0.32054,10.0
2025-10-22 19:00:00+00:00,2025-10-22,TST,-1,0.1217569722041316,0.019894,10.0
2025-10-23 19:00:00+00:00,2025-10-23,ALGO,1,0.8852682621837937,0.18374,10.0
2025-10-23 19:00:00+00:00,2025-10-23,BTC,1,0.9623047425569224,110596.0,10.0
2025-10-23 19:00:00+00:00,2025-10-23,SNX,-1,0.0506930404180486,1.278,10.0
2025-10-23 19:00:00+00:00,2025-10-23,TRX,1,0.9740307554422226,0.31511,10.0
2025-10-23 19:00:00+00:00,2025-10-23,TST,-1,0.1098537541285949,0.020027,10.0
2025-10-23 19:00:00+00:00,2025-10-23,ZEN,-1,0.1116818644239544,10.718,10.0
2025-10-24 19:00:00+00:00,2025-10-24,ADA,1,0.878321922910925,0.65082,10.0
2025-10-24 19:00:00+00:00,2025-10-24,BTC,1,0.9372048343927444,110656.0,10.0
2025-10-24 19:00:00+00:00,2025-10-24,FARTCOIN,-1,0.15594199277259,0.37255,10.0
2025-10-24 19:00:00+00:00,2025-10-24,GAS,1,0.91896344695543,2.6046,10.0
2025-10-24 19:00:00+00:00,2025-10-24,SNX,-1,0.0886509484073356,1.2939,10.0
2025-10-24 19:00:00+00:00,2025-10-24,SPX,-1,0.1539472526455296,1.0081,10.0
2025-10-25 19:00:00+00:00,2025-10-25,AVNT,-1,0.1530956237725263,0.7402,10.0
2025-10-25 19:00:00+00:00,2025-10-25,BRETT,-1,0.1017548783410896,0.027646,10.0
2025-10-25 19:00:00+00:00,2025-10-25,ETH,1,0.926063206800932,3960.1,10.0
2025-10-25 19:00:00+00:00,2025-10-25,SNX,-1,0.1498188476647622,1.2329,10.0
2025-10-25 19:00:00+00:00,2025-10-25,XLM,1,0.9117727170799133,0.32823,10.0
2025-10-25 19:00:00+00:00,2025-10-25,XRP,1,0.939141080162536,2.6414,10.0
2025-10-26 19:00:00+00:00,2025-10-26,AVNT,-1,0.1793869043851363,0.78586,10.0
2025-10-26 19:00:00+00:00,2025-10-26,BTC,1,0.956354383826586,113630.0,10.0
2025-10-26 19:00:00+00:00,2025-10-26,FET,-1,0.1299125927641485,0.27569,10.0
2025-10-26 19:00:00+00:00,2025-10-26,LTC,1,0.906938723304346,99.15,10.0
2025-10-26 19:00:00+00:00,2025-10-26,SNX,-1,0.0915747127355064,1.2368,10.0
2025-10-26 19:00:00+00:00,2025-10-26,XLM,1,0.9423651784358792,0.32835,10.0
2025-10-27 19:00:00+00:00,2025-10-27,BANANA,-1,0.1577711333766224,13.92,10.0
2025-10-27 19:00:00+00:00,2025-10-27,BTC,1,0.9222943164824944,115364.0,10.0
2025-10-27 19:00:00+00:00,2025-10-27,ETH,1,0.9578859523276518,4216.0,10.0
2025-10-27 19:00:00+00:00,2025-10-27,HBAR,1,0.868317975973357,0.18339,10.0
2025-10-27 19:00:00+00:00,2025-10-27,MAVIA,-1,0.0863597432037148,0.23786,10.0
2025-10-27 19:00:00+00:00,2025-10-27,SNX,-1,0.0618199984333409,1.172,10.0
2025-10-28 19:00:00+00:00,2025-10-28,BTC,1,0.9471279983424452,115036.0,10.0
2025-10-28 19:00:00+00:00,2025-10-28,ETH,1,0.9352869378130414,4114.5,10.0
2025-10-28 19:00:00+00:00,2025-10-28,MERL,-1,0.1487603797837816,0.30451,10.0
2025-10-28 19:00:00+00:00,2025-10-28,SNX,-1,0.0922362388218302,1.1449,10.0
2025-10-28 19:00:00+00:00,2025-10-28,TST,-1,0.1046716453803235,0.020296,10.0
2025-10-28 19:00:00+00:00,2025-10-28,XRP,1,0.9162038017835296,2.6709,10.0
2025-10-29 19:00:00+00:00,2025-10-29,BTC,1,0.9589790820858748,110859.0,10.0
2025-10-29 19:00:00+00:00,2025-10-29,MERL,-1,0.097740851032516,0.33702,10.0
2025-10-29 19:00:00+00:00,2025-10-29,POLYX,1,0.8802523791010278,0.085162,10.0
2025-10-29 19:00:00+00:00,2025-10-29,SNX,-1,0.0904276271924027,1.1517,10.0
2025-10-29 19:00:00+00:00,2025-10-29,XRP,1,0.9177854562964244,2.6075,10.0
2025-10-29 19:00:00+00:00,2025-10-29,YGG,-1,0.1061181299969732,0.1284,10.0
2025-10-30 19:00:00+00:00,2025-10-30,ETHFI,-1,0.1802729247951833,0.84995,10.0
2025-10-30 19:00:00+00:00,2025-10-30,GAS,1,0.8761883486851378,2.4349,10.0
2025-10-30 19:00:00+00:00,2025-10-30,LTC,1,0.8769184497433783,91.454,10.0
2025-10-30 19:00:00+00:00,2025-10-30,SNX,-1,0.067361662117707,0.9685,10.0
2025-10-30 19:00:00+00:00,2025-10-30,SOL,1,0.8522119442584953,181.26,10.0
2025-10-30 19:00:00+00:00,2025-10-30,TST,-1,0.1246443812168582,0.01693,10.0
2025-10-31 19:00:00+00:00,2025-10-31,BNB,1,0.8868435080489634,1081.5,10.0
2025-10-31 19:00:00+00:00,2025-10-31,BTC,1,0.9208146081896712,109458.0,10.0
2025-10-31 19:00:00+00:00,2025-10-31,SNX,-1,0.0590041508556303,0.98093,10.0
2025-10-31 19:00:00+00:00,2025-10-31,SOL,1,0.8778801434313566,185.92,10.0
2025-10-31 19:00:00+00:00,2025-10-31,TST,-1,0.1375877477768866,0.017882,10.0
2025-10-31 19:00:00+00:00,2025-10-31,YGG,-1,0.1039771232602091,0.1177,10.0
2025-11-01 19:00:00+00:00,2025-11-01,0G,-1,0.1232850020115369,1.0731,10.0
2025-11-01 19:00:00+00:00,2025-11-01,BTC,1,0.951320578154985,110360.0,10.0
2025-11-01 19:00:00+00:00,2025-11-01,SNX,-1,0.0692508928645466,1.0019,10.0
2025-11-01 19:00:00+00:00,2025-11-01,SOL,1,0.9383863614226882,185.67,10.0
2025-11-01 19:00:00+00:00,2025-11-01,XRP,1,0.9290952346701148,2.5046,10.0
2025-11-01 19:00:00+00:00,2025-11-01,ZK,-1,0.1272410481537055,0.042984,10.0
2025-11-02 19:00:00+00:00,2025-11-02,BCH,1,0.9023281547028436,532.82,10.0
2025-11-02 19:00:00+00:00,2025-11-02,BTC,1,0.9131771464304728,110325.0,10.0
2025-11-02 19:00:00+00:00,2025-11-02,EIGEN,-1,0.1221377198622292,0.8654,10.0
2025-11-02 19:00:00+00:00,2025-11-02,ETC,1,0.9024388146669604,15.983,10.0
2025-11-02 19:00:00+00:00,2025-11-02,MAVIA,-1,0.0735691945401623,0.09894,10.0
2025-11-02 19:00:00+00:00,2025-11-02,SNX,-1,0.070816792780132,1.0131,10.0
2025-11-03 19:00:00+00:00,2025-11-03,AI16Z,-1,0.1477860843765677,0.0715,10.0
2025-11-03 19:00:00+00:00,2025-11-03,BTC,1,0.9732135026966644,106917.0,10.0
2025-11-03 19:00:00+00:00,2025-11-03,ETH,1,0.937899128461882,3630.8,10.0
2025-11-03 19:00:00+00:00,2025-11-03,TST,-1,0.1453420466932924,0.015465,10.0
2025-11-03 19:00:00+00:00,2025-11-03,XRP,1,0.9320990428972254,2.3467,10.0
2025-11-03 19:00:00+00:00,2025-11-03,ZEREBRO,-1,0.1535218402247232,0.045326,10.0
2025-11-04 19:00:00+00:00,2025-11-04,BNB,1,0.9053770880195494,932.87,10.0
2025-11-04 19:00:00+00:00,2025-11-04,BTC,1,0.978148046655934,101345.0,10.0
2025-11-04 19:00:00+00:00,2025-11-04,ETH,1,0.9004292730130149,3302.1,10.0
2025-11-04 19:00:00+00:00,2025-11-04,MINA,-1,0.1279572159462223,0.13549,10.0
2025-11-04 19:00:00+00:00,2025-11-04,SNX,-1,0.0834792099990696,0.86273,10.0
2025-11-04 19:00:00+00:00,2025-11-04,ZK,-1,0.0823977216052249,0.052443,10.0
2025-11-05 19:00:00+00:00,2025-11-05,AI16Z,-1,0.1398771692101116,0.07174,10.0
2025-11-05 19:00:00+00:00,2025-11-05,BTC,1,0.8757475767986981,104386.0,10.0
2025-11-05 19:00:00+00:00,2025-11-05,MAVIA,-1,0.1751403282941406,0.09875,10.0
2025-11-05 19:00:00+00:00,2025-11-05,POL,1,0.8573854842410599,0.17021,10.0
2025-11-05 19:00:00+00:00,2025-11-05,TRX,1,0.9378039076770548,0.28875,10.0
2025-11-05 19:00:00+00:00,2025-11-05,YGG,-1,0.1534563773543286,0.10688,10.0
2025-11-06 19:00:00+00:00,2025-11-06,BTC,1,0.9589260308798068,101684.0,10.0
2025-11-06 19:00:00+00:00,2025-11-06,DYM,-1,0.1415841392952931,0.08278,10.0
2025-11-06 19:00:00+00:00,2025-11-06,MAVIA,-1,0.0639259626526591,0.09181,10.0
2025-11-06 19:00:00+00:00,2025-11-06,SOL,1,0.9016999788442996,157.36,10.0
2025-11-06 19:00:00+00:00,2025-11-06,XRP,1,0.938906753051537,2.2296,10.0
2025-11-06 19:00:00+00:00,2025-11-06,ZEN,-1,0.1152077543600296,20.128,10.0
2025-11-07 19:00:00+00:00,2025-11-07,BTC,1,0.9110266714405376,102585.0,10.0
2025-11-07 19:00:00+00:00,2025-11-07,DYM,-1,0.1453877623098947,0.10272,10.0
2025-11-07 19:00:00+00:00,2025-11-07,ETC,1,0.8536536187343572,17.794,10.0
2025-11-07 19:00:00+00:00,2025-11-07,TST,-1,0.0982038563885783,0.019367,10.0
2025-11-07 19:00:00+00:00,2025-11-07,XRP,1,0.8313015173311598,2.3358,10.0
2025-11-07 19:00:00+00:00,2025-11-07,ZK,-1,0.0741195982475428,0.066898,10.0
2025-11-08 19:00:00+00:00,2025-11-08,BCH,1,0.8761161225802614,492.22,10.0
2025-11-08 19:00:00+00:00,2025-11-08,BTC,1,0.914785847045638,102111.0,10.0
2025-11-08 19:00:00+00:00,2025-11-08,DYM,-1,0.1192457896178248,0.09702,10.0
2025-11-08 19:00:00+00:00,2025-11-08,MAVIA,-1,0.1515641635685019,0.09323,10.0
2025-11-08 19:00:00+00:00,2025-11-08,XRP,1,0.8731682705088237,2.2768,10.0
2025-11-08 19:00:00+00:00,2025-11-08,ZK,-1,0.0671295256863959,0.058769,10.0
2025-11-09 19:00:00+00:00,2025-11-09,BTC,1,0.8956681020577166,104519.0,10.0
2025-11-09 19:00:00+00:00,2025-11-09,LTC,1,0.839260967535335,108.7,10.0
2025-11-09 19:00:00+00:00,2025-11-09,POLYX,1,0.8384211570591069,0.078989,10.0
2025-11-09 19:00:00+00:00,2025-11-09,ZEN,-1,0.1227017998041062,16.094,10.0
2025-11-09 19:00:00+00:00,2025-11-09,ZEREBRO,-1,0.1622787161595228,0.043194,10.0
2025-11-09 19:00:00+00:00,2025-11-09,ZK,-1,0.0975647736436844,0.05931,10.0
2025-11-10 19:00:00+00:00,2025-11-10,AR,-1,0.1385487620020108,5.4676,10.0
2025-11-10 19:00:00+00:00,2025-11-10,BTC,1,0.89686277585649,105502.0,10.0
2025-11-10 19:00:00+00:00,2025-11-10,MAVIA,-1,0.1119761809261355,0.09027,10.0
2025-11-10 19:00:00+00:00,2025-11-10,MINA,-1,0.0905539749097788,0.16057,10.0
2025-11-10 19:00:00+00:00,2025-11-10,SOL,1,0.8799508153624606,165.58,10.0
2025-11-10 19:00:00+00:00,2025-11-10,XRP,1,0.9358782894141808,2.5388,10.0
2025-11-11 19:00:00+00:00,2025-11-11,BTC,1,0.9496157680524812,103377.0,10.0
2025-11-11 19:00:00+00:00,2025-11-11,FIL,-1,0.091688345309535,2.3238,10.0
2025-11-11 19:00:00+00:00,2025-11-11,MAVIA,-1,0.1483290507243222,0.08922,10.0
2025-11-11 19:00:00+00:00,2025-11-11,TRX,1,0.8862072072969763,0.30006,10.0
2025-11-11 19:00:00+00:00,2025-11-11,XRP,1,0.9168006936831096,2.4241,10.0
2025-11-11 19:00:00+00:00,2025-11-11,ZEN,-1,0.1238627042822497,13.208,10.0
2025-11-12 19:00:00+00:00,2025-11-12,BTC,1,0.9434999914839488,101507.0,10.0
2025-11-12 19:00:00+00:00,2025-11-12,FIL,-1,0.0770565102961925,2.1559,10.0
2025-11-12 19:00:00+00:00,2025-11-12,MINA,-1,0.0672401086152975,0.1421,10.0
2025-11-12 19:00:00+00:00,2025-11-12,TRX,1,0.9166487376649458,0.29581,10.0
2025-11-12 19:00:00+00:00,2025-11-12,XRP,1,0.9188181769265296,2.3421,10.0
2025-11-12 19:00:00+00:00,2025-11-12,ZEREBRO,-1,0.1027379563850215,0.0324,10.0
2025-11-13 19:00:00+00:00,2025-11-13,BCH,1,0.9249707493639844,502.08,10.0
2025-11-13 19:00:00+00:00,2025-11-13,BTC,1,0.9127727045751018,98587.0,10.0
2025-11-13 19:00:00+00:00,2025-11-13,FET,-1,0.086354780374939,0.2889,10.0
2025-11-13 19:00:00+00:00,2025-11-13,FIL,-1,0.0719894419051691,2.0371,10.0
2025-11-13 19:00:00+00:00,2025-11-13,STRK,-1,0.1160807736046755,0.1327,10.0
2025-11-13 19:00:00+00:00,2025-11-13,XRP,1,0.9271125934963144,2.3413,10.0
2025-11-14 19:00:00+00:00,2025-11-14,BCH,1,0.9125067846089452,489.51,10.0
2025-11-14 19:00:00+00:00,2025-11-14,BTC,1,0.9012806928859728,95076.0,10.0
2025-11-14 19:00:00+00:00,2025-11-14,FET,-1,0.0911388480793103,0.27736,10.0
2025-11-14 19:00:00+00:00,2025-11-14,FIL,-1,0.0934174755736521,1.9971,10.0
2025-11-14 19:00:00+00:00,2025-11-14,TRX,1,0.9184340496267448,0.29513,10.0
2025-11-14 19:00:00+00:00,2025-11-14,ZK,-1,0.1479232078493379,0.050646,10.0
2025-11-15 19:00:00+00:00,2025-11-15,AR,-1,0.13256456431295,4.591,10.0
2025-11-15 19:00:00+00:00,2025-11-15,BNB,1,0.8721001986005665,940.71,10.0
2025-11-15 19:00:00+00:00,2025-11-15,FET,-1,0.1197327722942723,0.29069,10.0
2025-11-15 19:00:00+00:00,2025-11-15,ICP,-1,0.1302722403337507,5.2326,10.0
2025-11-15 19:00:00+00:00,2025-11-15,POL,1,0.8606948105259535,0.15692,10.0
2025-11-15 19:00:00+00:00,2025-11-15,TRX,1,0.9343361821887431,0.29312,10.0
2025-11-16 19:00:00+00:00,2025-11-16,BNB,1,0.9308617271507852,915.31,10.0
2025-11-16 19:00:00+00:00,2025-11-16,BTC,1,0.9478393457144252,94054.0,10.0
2025-11-16 19:00:00+00:00,2025-11-16,ICP,-1,0.1708669193638402,4.9459,10.0
2025-11-16 19:00:00+00:00,2025-11-16,MAVIA,-1,0.1507442340080138,0.07279,10.0
2025-11-16 19:00:00+00:00,2025-11-16,TRX,1,0.8967201013100342,0.28947,10.0
2025-11-16 19:00:00+00:00,2025-11-16,ZK,-1,0.0966169949855604,0.052336,10.0
2025-11-17 19:00:00+00:00,2025-11-17,BTC,1,0.8887248705621265,92568.0,10.0
2025-11-17 19:00:00+00:00,2025-11-17,FET,-1,0.1484803398947971,0.27618,10.0
2025-11-17 19:00:00+00:00,2025-11-17,FIL,-1,0.166493879950151,2.1326,10.0
2025-11-17 19:00:00+00:00,2025-11-17,MINA,-1,0.1564682222953788,0.14072,10.0
2025-11-17 19:00:00+00:00,2025-11-17,TRX,1,0.8929648659254494,0.29296,10.0
2025-11-17 19:00:00+00:00,2025-11-17,XRP,1,0.9274943260018914,2.1502,10.0
2025-11-18 19:00:00+00:00,2025-11-18,BNB,1,0.9192535012165088,934.95,10.0
2025-11-18 19:00:00+00:00,2025-11-18,MAVIA,-1,0.1721492099576706,0.07345,10.0
2025-11-18 19:00:00+00:00,2025-11-18,PAXG,1,0.9320517454441084,4064.5,10.0
2025-11-18 19:00:00+00:00,2025-11-18,STRK,-1,0.1311454961788284,0.21203,10.0
2025-11-18 19:00:00+00:00,2025-11-18,TRX,1,0.9424084831980624,0.29241,10.0
2025-11-18 19:00:00+00:00,2025-11-18,ZK,-1,0.1359316800374887,0.047294,10.0
2025-11-19 19:00:00+00:00,2025-11-19,BCH,1,0.9549939978259904,472.79,10.0
2025-11-19 19:00:00+00:00,2025-11-19,ETH,1,0.8860466179979607,2900.2,10.0
2025-11-19 19:00:00+00:00,2025-11-19,FIL,-1,0.1283871501638696,1.7817,10.0
2025-11-19 19:00:00+00:00,2025-11-19,VIRTUAL,-1,0.1345717354762953,1.0296,10.0
2025-11-19 19:00:00+00:00,2025-11-19,XRP,1,0.8728833388034081,2.0487,10.0
2025-11-19 19:00:00+00:00,2025-11-19,ZEREBRO,-1,0.0873201610477819,0.02655,10.0
2025-11-20 19:00:00+00:00,2025-11-20,BTC,1,0.8666858862695161,86500.0,10.0
2025-11-20 19:00:00+00:00,2025-11-20,FIL,-1,0.1072810438897985,1.7757,10.0
2025-11-20 19:00:00+00:00,2025-11-20,MINA,-1,0.0933502155420032,0.11599,10.0
2025-11-20 19:00:00+00:00,2025-11-20,PAXG,1,0.8478052151174436,4053.6,10.0
2025-11-20 19:00:00+00:00,2025-11-20,SAND,1,0.8395222914852253,0.16251,10.0
2025-11-20 19:00:00+00:00,2025-11-20,ZEN,-1,0.1402966715095948,14.159,10.0
2025-11-21 19:00:00+00:00,2025-11-21,BTC,1,0.8614151280810184,84568.0,10.0
2025-11-21 19:00:00+00:00,2025-11-21,ICP,-1,0.1506443548986021,4.4033,10.0
2025-11-21 19:00:00+00:00,2025-11-21,MINA,-1,0.1175947798061479,0.11308,10.0
2025-11-21 19:00:00+00:00,2025-11-21,PAXG,1,0.8908754089960257,4078.7,10.0
2025-11-21 19:00:00+00:00,2025-11-21,TRX,1,0.894099032899264,0.2765,10.0
2025-11-21 19:00:00+00:00,2025-11-21,ZK,-1,0.1227757142734811,0.04143,10.0
2025-11-22 19:00:00+00:00,2025-11-22,MINA,-1,0.1644427439139568,0.10677,10.0
2025-11-22 19:00:00+00:00,2025-11-22,PAXG,1,0.8657325991683542,4058.7,10.0
2025-11-22 19:00:00+00:00,2025-11-22,STRK,-1,0.1543740606316556,0.15422,10.0
2025-11-22 19:00:00+00:00,2025-11-22,TRX,1,0.920886613756669,0.27331,10.0
2025-11-22 19:00:00+00:00,2025-11-22,XRP,1,0.8595791132130971,1.9311,10.0
2025-11-22 19:00:00+00:00,2025-11-22,ZK,-1,0.1172956457423919,0.038721,10.0
2025-11-23 19:00:00+00:00,2025-11-23,BNB,1,0.8826298390771362,847.45,10.0
2025-11-23 19:00:00+00:00,2025-11-23,BTC,1,0.8731147294584891,86939.0,10.0
2025-11-23 19:00:00+00:00,2025-11-23,ETH,1,0.8644133560647569,2807.7,10.0
2025-11-23 19:00:00+00:00,2025-11-23,ICP,-1,0.1162061056299322,4.0729,10.0
2025-11-23 19:00:00+00:00,2025-11-23,MINA,-1,0.1238363205330067,0.10584,10.0
2025-11-23 19:00:00+00:00,2025-11-23,ZK,-1,0.1238047481370286,0.03823,10.0
2025-11-24 19:00:00+00:00,2025-11-24,BTC,1,0.9297429129325312,88672.0,10.0
2025-11-24 19:00:00+00:00,2025-11-24,FET,-1,0.1736913586281381,0.28439,10.0
2025-11-24 19:00:00+00:00,2025-11-24,MAVIA,-1,0.1741529370019553,0.06394,10.0
2025-11-24 19:00:00+00:00,2025-11-24,PAXG,1,0.9297746076390044,4117.6,10.0
2025-11-24 19:00:00+00:00,2025-11-24,XRP,1,0.9312239009982336,2.2177,10.0
2025-11-24 19:00:00+00:00,2025-11-24,ZK,-1,0.132299220342363,0.040086,10.0
2025-11-25 19:00:00+00:00,2025-11-25,ETH,1,0.8994599940707994,2923.1,10.0
2025-11-25 19:00:00+00:00,2025-11-25,GRASS,-1,0.107749894139248,0.37721,10.0
2025-11-25 19:00:00+00:00,2025-11-25,MAVIA,-1,0.1294799827525337,0.06084,10.0
2025-11-25 19:00:00+00:00,2025-11-25,SOL,1,0.86593572729101,136.26,10.0
2025-11-25 19:00:00+00:00,2025-11-25,STRK,-1,0.077400077593019,0.13615,10.0
2025-11-25 19:00:00+00:00,2025-11-25,XRP,1,0.8807389650448687,2.1823,10.0
2025-11-26 19:00:00+00:00,2025-11-26,COMP,1,0.8754225059612532,30.494,10.0
2025-11-26 19:00:00+00:00,2025-11-26,DYM,-1,0.1683806891302053,0.10538,10.0
2025-11-26 19:00:00+00:00,2025-11-26,ETH,1,0.8985987094641332,3033.0,10.0
2025-11-26 19:00:00+00:00,2025-11-26,GAS,1,0.8905646908010896,2.2048,10.0
2025-11-26 19:00:00+00:00,2025-11-26,MAVIA,-1,0.1149404183874266,0.06093,10.0
2025-11-26 19:00:00+00:00,2025-11-26,TNSR,-1,0.0716907208172372,0.14755,10.0
2025-11-27 19:00:00+00:00,2025-11-27,BNB,1,0.913489059654354,897.52,10.0
2025-11-27 19:00:00+00:00,2025-11-27,BTC,1,0.9096195340349764,91756.0,10.0
2025-11-27 19:00:00+00:00,2025-11-27,ETH,1,0.8670045485310933,3036.4,10.0
2025-11-27 19:00:00+00:00,2025-11-27,MAVIA,-1,0.1129766983975529,0.06017,10.0
2025-11-27 19:00:00+00:00,2025-11-27,TNSR,-1,0.0715189235174344,0.13611,10.0
2025-11-27 19:00:00+00:00,2025-11-27,ZK,-1,0.134366009835744,0.040958,10.0
2025-11-28 19:00:00+00:00,2025-11-28,BNB,1,0.906841534537154,881.88,10.0
2025-11-28 19:00:00+00:00,2025-11-28,BTC,1,0.9602809650322824,90785.0,10.0
2025-11-28 19:00:00+00:00,2025-11-28,MAVIA,-1,0.1402730576438275,0.05697,10.0
2025-11-28 19:00:00+00:00,2025-11-28,TNSR,-1,0.0623539607147299,0.12832,10.0
2025-11-28 19:00:00+00:00,2025-11-28,TRX,1,0.9440066382719108,0.2806,10.0
2025-11-28 19:00:00+00:00,2025-11-28,USUAL,-1,0.1064135700421577,0.02756,10.0
2025-11-29 19:00:00+00:00,2025-11-29,BTC,1,0.9062841382253084,90653.0,10.0
2025-11-29 19:00:00+00:00,2025-11-29,MAVIA,-1,0.1056724855184979,0.05432,10.0
2025-11-29 19:00:00+00:00,2025-11-29,PAXG,1,0.9154571903756394,4248.5,10.0
2025-11-29 19:00:00+00:00,2025-11-29,TNSR,-1,0.0689791585103122,0.115,10.0
2025-11-29 19:00:00+00:00,2025-11-29,TRX,1,0.94066210064008,0.2809,10.0
2025-11-29 19:00:00+00:00,2025-11-29,WCT,-1,0.0990619857226413,0.099549,10.0
2025-11-30 19:00:00+00:00,2025-11-30,BTC,1,0.9334972987415991,91418.0,10.0
2025-11-30 19:00:00+00:00,2025-11-30,PAXG,1,0.926563534214718,4245.6,10.0
2025-11-30 19:00:00+00:00,2025-11-30,STRK,-1,0.1205007291860439,0.12808,10.0
2025-11-30 19:00:00+00:00,2025-11-30,TNSR,-1,0.0415525973606453,0.12744,10.0
2025-11-30 19:00:00+00:00,2025-11-30,TRX,1,0.9271589885616098,0.28238,10.0
2025-11-30 19:00:00+00:00,2025-11-30,USUAL,-1,0.1327973877678434,0.02686,10.0
2025-12-01 19:00:00+00:00,2025-12-01,ALT,-1,0.1178941520886706,0.012269,10.0
2025-12-01 19:00:00+00:00,2025-12-01,BNB,1,0.9350943092633625,816.98,10.0
2025-12-01 19:00:00+00:00,2025-12-01,BTC,1,0.9264497027425206,85163.0,10.0
2025-12-01 19:00:00+00:00,2025-12-01,DYM,-1,0.1528614969458548,0.08643,10.0
2025-12-01 19:00:00+00:00,2025-12-01,TRX,1,0.9468051991133444,0.2765,10.0
2025-12-01 19:00:00+00:00,2025-12-01,ZK,-1,0.1308411888388188,0.033874,10.0
2025-12-02 19:00:00+00:00,2025-12-02,BTC,1,0.8299417545572163,91894.0,10.0
2025-12-02 19:00:00+00:00,2025-12-02,PAXG,1,0.9188312535799426,4190.3,10.0
2025-12-02 19:00:00+00:00,2025-12-02,TIA,-1,0.1751044931703341,0.6267,10.0
2025-12-02 19:00:00+00:00,2025-12-02,TNSR,-1,0.0542976180507436,0.1259,10.0
2025-12-02 19:00:00+00:00,2025-12-02,TRX,1,0.9172610561340436,0.28284,10.0
2025-12-02 19:00:00+00:00,2025-12-02,WCT,-1,0.153587879108248,0.093999,10.0
2025-12-03 19:00:00+00:00,2025-12-03,BTC,1,0.9130787077169008,92593.0,10.0
2025-12-03 19:00:00+00:00,2025-12-03,HMSTR,-1,0.1664369251775666,0.000229,10.0
2025-12-03 19:00:00+00:00,2025-12-03,SOL,1,0.8787110972174361,141.08,10.0
2025-12-03 19:00:00+00:00,2025-12-03,SUPER,-1,0.1555609532578452,0.26391,10.0
2025-12-03 19:00:00+00:00,2025-12-03,WCT,-1,0.1516164814040481,0.095629,10.0
2025-12-03 19:00:00+00:00,2025-12-03,XRP,1,0.9140755755132166,2.1717,10.0
2025-12-04 19:00:00+00:00,2025-12-04,0G,-1,0.1668438577241091,1.1669,10.0
2025-12-04 19:00:00+00:00,2025-12-04,BNB,1,0.9320908878098008,899.76,10.0
2025-12-04 19:00:00+00:00,2025-12-04,BTC,1,0.9138730879595052,92086.0,10.0
2025-12-04 19:00:00+00:00,2025-12-04,DYM,-1,0.1321335325922381,0.08911,10.0
2025-12-04 19:00:00+00:00,2025-12-04,ETH,1,0.9207854979779226,3139.5,10.0
2025-12-04 19:00:00+00:00,2025-12-04,TNSR,-1,0.0572728364848268,0.11848,10.0
2025-12-05 19:00:00+00:00,2025-12-05,BNB,1,0.8920671280700727,877.1,10.0
2025-12-05 19:00:00+00:00,2025-12-05,BTC,1,0.9269909974510684,88898.0,10.0
2025-12-05 19:00:00+00:00,2025-12-05,LINEA,-1,0.1622826681327182,0.008047,10.0
2025-12-05 19:00:00+00:00,2025-12-05,TNSR,-1,0.0777685684153174,0.11538,10.0
2025-12-05 19:00:00+00:00,2025-12-05,TRX,1,0.9438688822104218,0.28575,10.0
2025-12-05 19:00:00+00:00,2025-12-05,WCT,-1,0.1381427897646684,0.086883,10.0
2025-12-06 19:00:00+00:00,2025-12-06,BTC,1,0.9351495448897756,89597.0,10.0
2025-12-06 19:00:00+00:00,2025-12-06,DYM,-1,0.1857984901304896,0.08517,10.0
2025-12-06 19:00:00+00:00,2025-12-06,ETH,1,0.8845430567427992,3040.8,10.0
2025-12-06 19:00:00+00:00,2025-12-06,TNSR,-1,0.0988341540718343,0.1158,10.0
2025-12-06 19:00:00+00:00,2025-12-06,TRX,1,0.9563549416463256,0.28673,10.0
2025-12-06 19:00:00+00:00,2025-12-06,WCT,-1,0.1380175251950422,0.092029,10.0
2025-12-07 19:00:00+00:00,2025-12-07,BNB,1,0.8759689241488304,901.42,10.0
2025-12-07 19:00:00+00:00,2025-12-07,GAS,1,0.8389232513350167,2.143,10.0
2025-12-07 19:00:00+00:00,2025-12-07,RESOLV,-1,0.1473685844577781,0.073391,10.0
2025-12-07 19:00:00+00:00,2025-12-07,SUPER,-1,0.136882561799451,0.25,10.0
2025-12-07 19:00:00+00:00,2025-12-07,TNSR,-1,0.1217215624866201,0.11304,10.0
2025-12-07 19:00:00+00:00,2025-12-07,TRX,1,0.8641512441139568,0.28689,10.0
2025-12-08 19:00:00+00:00,2025-12-08,BNB,1,0.9305682096143152,890.6,10.0
2025-12-08 19:00:00+00:00,2025-12-08,BTC,1,0.9265851157675394,89871.0,10.0
2025-12-08 19:00:00+00:00,2025-12-08,NOT,-1,0.1934286544446797,0.000589,10.0
2025-12-08 19:00:00+00:00,2025-12-08,TIA,-1,0.1848900397531379,0.58044,10.0
2025-12-08 19:00:00+00:00,2025-12-08,TNSR,-1,0.0613895382987273,0.10914,10.0
2025-12-08 19:00:00+00:00,2025-12-08,TRX,1,0.9419426113550752,0.2834,10.0
2025-12-09 19:00:00+00:00,2025-12-09,ADA,1,0.8841027414487709,0.47915,10.0
2025-12-09 19:00:00+00:00,2025-12-09,BTC,1,0.9191380880232244,93879.0,10.0
2025-12-09 19:00:00+00:00,2025-12-09,ETH,1,0.8818860436508197,3375.9,10.0
2025-12-09 19:00:00+00:00,2025-12-09,HMSTR,-1,0.1689944200333294,0.00023,10.0
2025-12-09 19:00:00+00:00,2025-12-09,TNSR,-1,0.0470215562490532,0.10705,10.0
2025-12-09 19:00:00+00:00,2025-12-09,TURBO,-1,0.1589967504014822,0.002236,10.0
2025-12-10 19:00:00+00:00,2025-12-10,BTC,1,0.885480014512323,92474.0,10.0
2025-12-10 19:00:00+00:00,2025-12-10,DYM,-1,0.1409405858203446,0.07982,10.0
2025-12-10 19:00:00+00:00,2025-12-10,ETH,1,0.8714785296411309,3382.6,10.0
2025-12-10 19:00:00+00:00,2025-12-10,HMSTR,-1,0.1488515520127032,0.000226,10.0
2025-12-10 19:00:00+00:00,2025-12-10,TNSR,-1,0.0954782377265116,0.10346,10.0
2025-12-10 19:00:00+00:00,2025-12-10,XLM,1,0.8609954635600885,0.25362,10.0
2025-12-11 19:00:00+00:00,2025-12-11,BTC,1,0.921586599848928,90668.0,10.0
2025-12-11 19:00:00+00:00,2025-12-11,PAXG,1,0.9036991805533876,4273.6,10.0
2025-12-11 19:00:00+00:00,2025-12-11,TNSR,-1,0.0995068663992213,0.09747,10.0
2025-12-11 19:00:00+00:00,2025-12-11,WCT,-1,0.1874654504707151,0.080523,10.0
2025-12-11 19:00:00+00:00,2025-12-11,XLM,1,0.8793048931252072,0.2414,10.0
2025-12-11 19:00:00+00:00,2025-12-11,ZEC,-1,0.1863986627932017,463.67,10.0
2025-12-12 19:00:00+00:00,2025-12-12,BTC,1,0.9515297339273202,90345.0,10.0
2025-12-12 19:00:00+00:00,2025-12-12,HMSTR,-1,0.1509585790086266,0.000207,10.0
2025-12-12 19:00:00+00:00,2025-12-12,PAXG,1,0.9522090392261756,4303.3,10.0
2025-12-12 19:00:00+00:00,2025-12-12,TRX,1,0.9300289710938252,0.2745,10.0
2025-12-12 19:00:00+00:00,2025-12-12,XAI,-1,0.1679370101051993,0.01648,10.0
2025-12-12 19:00:00+00:00,2025-12-12,ZEN,-1,0.1751007528938707,8.9607,10.0
2025-12-13 19:00:00+00:00,2025-12-13,BCH,1,0.9054439461251824,572.04,10.0
2025-12-13 19:00:00+00:00,2025-12-13,BNB,1,0.9217193808356936,892.24,10.0
2025-12-13 19:00:00+00:00,2025-12-13,HMSTR,-1,0.1750081009370599,0.000214,10.0
2025-12-13 19:00:00+00:00,2025-12-13,MAVIA,-1,0.1306424694066343,0.05494,10.0
2025-12-13 19:00:00+00:00,2025-12-13,PAXG,1,0.9186739946680076,4317.8,10.0
2025-12-13 19:00:00+00:00,2025-12-13,TNSR,-1,0.1437138175769468,0.10715,10.0
2025-12-14 19:00:00+00:00,2025-12-14,BNB,1,0.9382614191180296,885.46,10.0
2025-12-14 19:00:00+00:00,2025-12-14,BTC,1,0.9413565834958276,88964.0,10.0
2025-12-14 19:00:00+00:00,2025-12-14,DYM,-1,0.1315535106466963,0.07444,10.0
2025-12-14 19:00:00+00:00,2025-12-14,PAXG,1,0.8964460741980994,4321.3,10.0
2025-12-14 19:00:00+00:00,2025-12-14,TNSR,-1,0.1466622610510046,0.09681,10.0
2025-12-14 19:00:00+00:00,2025-12-14,USTC,-1,0.1412154849910077,0.007531,10.0
2025-12-15 19:00:00+00:00,2025-12-15,BTC,1,0.9362031518253636,86180.0,10.0
2025-12-15 19:00:00+00:00,2025-12-15,EIGEN,-1,0.181969465841083,0.407,10.0
2025-12-15 19:00:00+00:00,2025-12-15,PAXG,1,0.948493443829485,4322.4,10.0
2025-12-15 19:00:00+00:00,2025-12-15,TNSR,-1,0.0774122152859227,0.09167,10.0
2025-12-15 19:00:00+00:00,2025-12-15,TRX,1,0.960977859510012,0.27818,10.0
2025-12-15 19:00:00+00:00,2025-12-15,ZEC,-1,0.1243360003471423,412.1,10.0
2025-12-16 19:00:00+00:00,2025-12-16,BNB,1,0.8595818717174825,870.82,10.0
2025-12-16 19:00:00+00:00,2025-12-16,BTC,1,0.9044438980821226,87728.0,10.0
2025-12-16 19:00:00+00:00,2025-12-16,MAVIA,-1,0.1529288531294692,0.05035,10.0
2025-12-16 19:00:00+00:00,2025-12-16,TNSR,-1,0.0649904839669726,0.09319,10.0
2025-12-16 19:00:00+00:00,2025-12-16,TRX,1,0.9601439780882284,0.28046,10.0
2025-12-16 19:00:00+00:00,2025-12-16,USUAL,-1,0.1684612971733805,0.02452,10.0
2025-12-17 19:00:00+00:00,2025-12-17,BNB,1,0.90850321456881,837.21,10.0
2025-12-17 19:00:00+00:00,2025-12-17,LTC,1,0.891391740751255,75.513,10.0
2025-12-17 19:00:00+00:00,2025-12-17,MERL,-1,0.1363410814918264,0.40413,10.0
2025-12-17 19:00:00+00:00,2025-12-17,MOVE,-1,0.1251477039964875,0.034468,10.0
2025-12-17 19:00:00+00:00,2025-12-17,TNSR,-1,0.0561174453862513,0.0893,10.0
2025-12-17 19:00:00+00:00,2025-12-17,TRX,1,0.928254045972886,0.27888,10.0
2025-12-18 19:00:00+00:00,2025-12-18,BNB,1,0.8715902410945326,831.43,10.0
2025-12-18 19:00:00+00:00,2025-12-18,BTC,1,0.917175570974982,85945.0,10.0
2025-12-18 19:00:00+00:00,2025-12-18,MOVE,-1,0.1860845945625603,0.032002,10.0
2025-12-18 19:00:00+00:00,2025-12-18,TNSR,-1,0.1259289638341119,0.08634,10.0
2025-12-18 19:00:00+00:00,2025-12-18,TRX,1,0.9174220573405008,0.27993,10.0
2025-12-18 19:00:00+00:00,2025-12-18,ZEC,-1,0.1221015431269854,391.29,10.0
2025-12-19 19:00:00+00:00,2025-12-19,0G,-1,0.1750683203430292,0.76075,10.0
2025-12-19 19:00:00+00:00,2025-12-19,BNB,1,0.8888877426818004,849.12,10.0
2025-12-19 19:00:00+00:00,2025-12-19,BTC,1,0.9243665171871758,87099.0,10.0
2025-12-19 19:00:00+00:00,2025-12-19,TNSR,-1,0.1013622551375616,0.08622,10.0
2025-12-19 19:00:00+00:00,2025-12-19,TRX,1,0.8766079536116665,0.2791,10.0
2025-12-19 19:00:00+00:00,2025-12-19,ZK,-1,0.1701988904892936,0.026926,10.0
2025-12-20 19:00:00+00:00,2025-12-20,BTC,1,0.8838207271572716,88267.0,10.0
2025-12-20 19:00:00+00:00,2025-12-20,MOVE,-1,0.169840551898793,0.034407,10.0
2025-12-20 19:00:00+00:00,2025-12-20,TNSR,-1,0.1574188467145795,0.08883,10.0
2025-12-20 19:00:00+00:00,2025-12-20,TON,1,0.8383916725125259,1.4916,10.0
2025-12-20 19:00:00+00:00,2025-12-20,USTC,-1,0.1352653972730048,0.006893,10.0
2025-12-20 19:00:00+00:00,2025-12-20,XRP,1,0.8385085695157259,1.923,10.0
2025-12-21 19:00:00+00:00,2025-12-21,AIXBT,-1,0.1608572959845704,0.029124,10.0
2025-12-21 19:00:00+00:00,2025-12-21,BTC,1,0.9068625538781084,88415.0,10.0
2025-12-21 19:00:00+00:00,2025-12-21,JTO,-1,0.1839817397343106,0.35008,10.0
2025-12-21 19:00:00+00:00,2025-12-21,TNSR,-1,0.1302789675164586,0.08337,10.0
2025-12-21 19:00:00+00:00,2025-12-21,TRX,1,0.8744629783373205,0.28771,10.0
2025-12-21 19:00:00+00:00,2025-12-21,XRP,1,0.8775773739261578,1.9119,10.0
2025-12-22 19:00:00+00:00,2025-12-22,BNB,1,0.8965997132703792,866.15,10.0
2025-12-22 19:00:00+00:00,2025-12-22,BTC,1,0.9670687573195568,89098.0,10.0
2025-12-22 19:00:00+00:00,2025-12-22,ICP,-1,0.1784380930363578,3.127,10.0
2025-12-22 19:00:00+00:00,2025-12-22,TNSR,-1,0.1361246062817603,0.08443,10.0
2025-12-22 19:00:00+00:00,2025-12-22,TRX,1,0.9325833212387948,0.28436,10.0
2025-12-22 19:00:00+00:00,2025-12-22,USTC,-1,0.1794592017608981,0.007022,10.0
2025-12-23 19:00:00+00:00,2025-12-23,AVAX,1,0.8541944707578459,12.143,10.0
2025-12-23 19:00:00+00:00,2025-12-23,ETC,1,0.8833887970863084,12.127,10.0
2025-12-23 19:00:00+00:00,2025-12-23,HMSTR,-1,0.1544742805414637,0.000208,10.0
2025-12-23 19:00:00+00:00,2025-12-23,ME,-1,0.1433911233682388,0.19948,10.0
2025-12-23 19:00:00+00:00,2025-12-23,TNSR,-1,0.1530023359317811,0.08112,10.0
2025-12-23 19:00:00+00:00,2025-12-23,XLM,1,0.8576931127989823,0.21717,10.0
2025-12-24 19:00:00+00:00,2025-12-24,ATOM,1,0.8876244556677428,1.9448,10.0
2025-12-24 19:00:00+00:00,2025-12-24,BTC,1,0.911442611522278,87453.0,10.0
2025-12-24 19:00:00+00:00,2025-12-24,ME,-1,0.0921099492818922,0.19963,10.0
2025-12-24 19:00:00+00:00,2025-12-24,TNSR,-1,0.1580233135060678,0.07911,10.0
2025-12-24 19:00:00+00:00,2025-12-24,TON,1,0.8557150379890566,1.493,10.0
2025-12-24 19:00:00+00:00,2025-12-24,ZEC,-1,0.1833364207477627,442.81,10.0
2025-12-25 19:00:00+00:00,2025-12-25,BNB,1,0.9139375524420916,841.43,10.0
2025-12-25 19:00:00+00:00,2025-12-25,BTC,1,0.9686281879618152,88211.0,10.0
2025-12-25 19:00:00+00:00,2025-12-25,MOVE,-1,0.1563141389311892,0.038033,10.0
2025-12-25 19:00:00+00:00,2025-12-25,POLYX,-1,0.1657033006516724,0.052062,10.0
2025-12-25 19:00:00+00:00,2025-12-25,TON,1,0.9347527872572422,1.5206,10.0
2025-12-25 19:00:00+00:00,2025-12-25,YGG,-1,0.1729738320484448,0.06623,10.0
2025-12-26 19:00:00+00:00,2025-12-26,BCH,1,0.9094145009738022,597.62,10.0
2025-12-26 19:00:00+00:00,2025-12-26,BTC,1,0.9266214620974657,87244.0,10.0
2025-12-26 19:00:00+00:00,2025-12-26,IP,-1,0.1859706088382227,1.4435,10.0
2025-12-26 19:00:00+00:00,2025-12-26,ME,-1,0.1863438166096517,0.20019,10.0
2025-12-26 19:00:00+00:00,2025-12-26,MOVE,-1,0.172008169399165,0.034981,10.0
2025-12-26 19:00:00+00:00,2025-12-26,TON,1,0.898350519536563,1.5285,10.0
2025-12-27 19:00:00+00:00,2025-12-27,ALGO,1,0.8637298526267331,0.11772,10.0
2025-12-27 19:00:00+00:00,2025-12-27,ATOM,1,0.872843445935863,2.0509,10.0
2025-12-27 19:00:00+00:00,2025-12-27,BANANA,-1,0.1152579208150685,7.2305,10.0
2025-12-27 19:00:00+00:00,2025-12-27,BTC,1,0.8773008336586475,87462.0,10.0
2025-12-27 19:00:00+00:00,2025-12-27,HMSTR,-1,0.1368280187597173,0.000219,10.0
2025-12-27 19:00:00+00:00,2025-12-27,MOVE,-1,0.1252748276889684,0.035312,10.0
2025-12-28 19:00:00+00:00,2025-12-28,BANANA,-1,0.1424572737535757,7.048,10.0
2025-12-28 19:00:00+00:00,2025-12-28,BCH,1,0.9163903890619216,623.86,10.0
2025-12-28 19:00:00+00:00,2025-12-28,MAVIA,-1,0.1470030116296698,0.05161,10.0
2025-12-28 19:00:00+00:00,2025-12-28,MOVE,-1,0.1048453408835183,0.035486,10.0
2025-12-28 19:00:00+00:00,2025-12-28,TON,1,0.906018963674846,1.6473,10.0
2025-12-28 19:00:00+00:00,2025-12-28,TRX,1,0.9215651081010824,0.28441,10.0
2025-12-29 19:00:00+00:00,2025-12-29,BNB,1,0.9705313912953908,851.76,10.0
2025-12-29 19:00:00+00:00,2025-12-29,BTC,1,0.9607771143250772,87429.0,10.0
2025-12-29 19:00:00+00:00,2025-12-29,ME,-1,0.1348335120472653,0.20394,10.0
2025-12-29 19:00:00+00:00,2025-12-29,MOVE,-1,0.133137313256921,0.035105,10.0
2025-12-29 19:00:00+00:00,2025-12-29,STRK,-1,0.1340285385191951,0.08009,10.0
2025-12-29 19:00:00+00:00,2025-12-29,TRX,1,0.9570152232049928,0.28296,10.0
2025-12-30 19:00:00+00:00,2025-12-30,BNB,1,0.9624863302128044,859.99,10.0
2025-12-30 19:00:00+00:00,2025-12-30,BTC,1,0.9545455663274512,88272.0,10.0
2025-12-30 19:00:00+00:00,2025-12-30,EIGEN,-1,0.1571189001618633,0.3627,10.0
2025-12-30 19:00:00+00:00,2025-12-30,GMT,-1,0.1328597300558205,0.016113,10.0
2025-12-30 19:00:00+00:00,2025-12-30,STRK,-1,0.1475356877315464,0.07924,10.0
2025-12-30 19:00:00+00:00,2025-12-30,TRX,1,0.927566470171834,0.28536,10.0
2025-12-31 19:00:00+00:00,2025-12-31,AIXBT,-1,0.146961827499174,0.033081,10.0
2025-12-31 19:00:00+00:00,2025-12-31,BNB,1,0.9726671855798754,861.59,10.0
2025-12-31 19:00:00+00:00,2025-12-31,BTC,1,0.9615597140049142,87674.0,10.0
2025-12-31 19:00:00+00:00,2025-12-31,ETH,1,0.9363327437437794,2974.3,10.0
2025-12-31 19:00:00+00:00,2025-12-31,GMT,-1,0.0858877648489463,0.015196,10.0
2025-12-31 19:00:00+00:00,2025-12-31,TNSR,-1,0.0848817864148618,0.07745,10.0
2026-01-01 19:00:00+00:00,2026-01-01,BNB,1,0.963655341667082,859.59,10.0
2026-01-01 19:00:00+00:00,2026-01-01,BTC,1,0.9104683013142127,88170.0,10.0
2026-01-01 19:00:00+00:00,2026-01-01,ETH,1,0.8969755330179455,2989.8,10.0
2026-01-01 19:00:00+00:00,2026-01-01,GMT,-1,0.0999615973469217,0.015354,10.0
2026-01-01 19:00:00+00:00,2026-01-01,TNSR,-1,0.1497500412586134,0.07808,10.0
2026-01-01 19:00:00+00:00,2026-01-01,USTC,-1,0.1623813525267733,0.006473,10.0
2026-01-02 19:00:00+00:00,2026-01-02,ATOM,1,0.8795515558128713,2.1332,10.0
2026-01-02 19:00:00+00:00,2026-01-02,AVNT,-1,0.1444849597300293,0.35642,10.0
2026-01-02 19:00:00+00:00,2026-01-02,BTC,1,0.8920428678195921,89739.0,10.0
2026-01-02 19:00:00+00:00,2026-01-02,ETH,1,0.8639908390141503,3108.7,10.0
2026-01-02 19:00:00+00:00,2026-01-02,MERL,-1,0.1316028620768059,0.26458,10.0
2026-01-02 19:00:00+00:00,2026-01-02,POLYX,-1,0.0752422894754784,0.056928,10.0
2026-01-03 19:00:00+00:00,2026-01-03,ATOM,1,0.8594582251142263,2.2201,10.0
2026-01-03 19:00:00+00:00,2026-01-03,AVNT,-1,0.1376779817696719,0.34841,10.0
2026-01-03 19:00:00+00:00,2026-01-03,REZ,-1,0.118672521265101,0.00535,10.0
2026-01-03 19:00:00+00:00,2026-01-03,SOL,1,0.8839130427441194,131.87,10.0
2026-01-03 19:00:00+00:00,2026-01-03,TURBO,-1,0.1389547127366916,0.001988,10.0
2026-01-03 19:00:00+00:00,2026-01-03,XRP,1,0.8877872939838578,2.0093,10.0
2026-01-04 19:00:00+00:00,2026-01-04,ATOM,1,0.8923346547617492,2.3236,10.0
2026-01-04 19:00:00+00:00,2026-01-04,AVNT,-1,0.1549211587004093,0.34944,10.0
2026-01-04 19:00:00+00:00,2026-01-04,BTC,1,0.8888499141651133,91176.0,10.0
2026-01-04 19:00:00+00:00,2026-01-04,MERL,-1,0.0997668331096794,0.25291,10.0
2026-01-04 19:00:00+00:00,2026-01-04,TRX,1,0.9204583518499596,0.29461,10.0
2026-01-04 19:00:00+00:00,2026-01-04,USTC,-1,0.1390180781646484,0.006889,10.0
2026-01-05 19:00:00+00:00,2026-01-05,AIXBT,-1,0.1229021447356112,0.042373,10.0
2026-01-05 19:00:00+00:00,2026-01-05,ATOM,1,0.8743694946441491,2.3788,10.0
2026-01-05 19:00:00+00:00,2026-01-05,MERL,-1,0.0935047679858264,0.24792,10.0
2026-01-05 19:00:00+00:00,2026-01-05,REZ,-1,0.1497582444977085,0.005758,10.0
2026-01-05 19:00:00+00:00,2026-01-05,XLM,1,0.9304676240377192,0.24288,10.0
2026-01-05 19:00:00+00:00,2026-01-05,XRP,1,0.9069194846628992,2.2665,10.0
2026-01-06 19:00:00+00:00,2026-01-06,AIXBT,-1,0.1282902420792944,0.040317,10.0
2026-01-06 19:00:00+00:00,2026-01-06,BTC,1,0.889552187166023,92090.0,10.0
2026-01-06 19:00:00+00:00,2026-01-06,HMSTR,-1,0.1207274569774945,0.000245,10.0
2026-01-06 19:00:00+00:00,2026-01-06,MERL,-1,0.1005022877097806,0.24137,10.0
2026-01-06 19:00:00+00:00,2026-01-06,XLM,1,0.9070733075108406,0.23811,10.0
2026-01-06 19:00:00+00:00,2026-01-06,XRP,1,0.9635577372820006,2.245,10.0
2026-01-07 19:00:00+00:00,2026-01-07,AIXBT,-1,0.1318084780187168,0.03865,10.0
2026-01-07 19:00:00+00:00,2026-01-07,AVNT,-1,0.1776414169341001,0.3276,10.0
2026-01-07 19:00:00+00:00,2026-01-07,BNB,1,0.8817304031333281,896.73,10.0
2026-01-07 19:00:00+00:00,2026-01-07,ETH,1,0.9404890113979224,3145.8,10.0
2026-01-07 19:00:00+00:00,2026-01-07,IP,-1,0.1654703354425802,2.0364,10.0
2026-01-07 19:00:00+00:00,2026-01-07,SOL,1,0.9401767228192736,135.19,10.0
2026-01-08 19:00:00+00:00,2026-01-08,ARK,1,0.8400062469316093,0.28679,10.0
2026-01-08 19:00:00+00:00,2026-01-08,IP,-1,0.1722306893722553,2.007,10.0
2026-01-08 19:00:00+00:00,2026-01-08,MERL,-1,0.1341309835986439,0.253,10.0
2026-01-08 19:00:00+00:00,2026-01-08,SOL,1,0.8619621458750258,138.16,10.0
2026-01-08 19:00:00+00:00,2026-01-08,STRK,-1,0.1727818326142252,0.08431,10.0
2026-01-08 19:00:00+00:00,2026-01-08,TRX,1,0.8744636019857416,0.29486,10.0
2026-01-09 19:00:00+00:00,2026-01-09,ATOM,1,0.9098682513622848,2.5565,10.0
2026-01-09 19:00:00+00:00,2026-01-09,ME,-1,0.1276007384416844,0.21426,10.0
2026-01-09 19:00:00+00:00,2026-01-09,PAXG,1,0.860713408347342,4500.8,10.0
2026-01-09 19:00:00+00:00,2026-01-09,SOL,1,0.971763357449418,136.83,10.0
2026-01-09 19:00:00+00:00,2026-01-09,STRK,-1,0.1344351463483505,0.08272,10.0
2026-01-09 19:00:00+00:00,2026-01-09,ZEC,-1,0.0810550100013298,426.0,10.0
2026-01-10 19:00:00+00:00,2026-01-10,ATOM,1,0.9000763818433899,2.5904,10.0
2026-01-10 19:00:00+00:00,2026-01-10,BNB,1,0.907200973890008,912.58,10.0
2026-01-10 19:00:00+00:00,2026-01-10,IP,-1,0.1508943453939714,2.0092,10.0
2026-01-10 19:00:00+00:00,2026-01-10,ME,-1,0.1329046382754095,0.22024,10.0
2026-01-10 19:00:00+00:00,2026-01-10,TRX,1,0.8937022592980836,0.29931,10.0
2026-01-10 19:00:00+00:00,2026-01-10,ZEC,-1,0.1305806898763648,376.43,10.0
2026-01-11 19:00:00+00:00,2026-01-11,BNB,1,0.92791457386067,906.2,10.0
2026-01-11 19:00:00+00:00,2026-01-11,CAKE,1,0.8936066103585142,2.0047,10.0
2026-01-11 19:00:00+00:00,2026-01-11,STRK,-1,0.1348242810526052,0.08192,10.0
2026-01-11 19:00:00+00:00,2026-01-11,TRX,1,0.8959116076306494,0.303,10.0
2026-01-11 19:00:00+00:00,2026-01-11,USTC,-1,0.1194228424342757,0.007137,10.0
2026-01-11 19:00:00+00:00,2026-01-11,ZEC,-1,0.1066692550630427,387.84,10.0
2026-01-12 19:00:00+00:00,2026-01-12,BTC,1,0.9553498933615124,91634.0,10.0
2026-01-12 19:00:00+00:00,2026-01-12,ETH,1,0.9436606040750308,3107.1,10.0
2026-01-12 19:00:00+00:00,2026-01-12,GMT,-1,0.1335606893591075,0.019081,10.0
2026-01-12 19:00:00+00:00,2026-01-12,ME,-1,0.1088025268249183,0.20506,10.0
2026-01-12 19:00:00+00:00,2026-01-12,SOL,1,0.9538903552648,141.12,10.0
2026-01-12 19:00:00+00:00,2026-01-12,USTC,-1,0.1525428839376584,0.006913,10.0
2026-01-13 19:00:00+00:00,2026-01-13,BIO,-1,0.12431151113718,0.04447,10.0
2026-01-13 19:00:00+00:00,2026-01-13,BNB,1,0.961688098771795,940.15,10.0
2026-01-13 19:00:00+00:00,2026-01-13,BTC,1,0.9716209602786632,93584.0,10.0
2026-01-13 19:00:00+00:00,2026-01-13,GMT,-1,0.0601347156497367,0.019205,10.0
2026-01-13 19:00:00+00:00,2026-01-13,ME,-1,0.0792837307813612,0.21584,10.0
2026-01-13 19:00:00+00:00,2026-01-13,TRX,1,0.923093319927514,0.30333,10.0
2026-01-14 19:00:00+00:00,2026-01-14,AVAX,1,0.8715100764068338,14.537,10.0
2026-01-14 19:00:00+00:00,2026-01-14,ETC,1,0.877708007153246,13.157,10.0
2026-01-14 19:00:00+00:00,2026-01-14,ETH,1,0.9324057605674368,3339.1,10.0
2026-01-14 19:00:00+00:00,2026-01-14,GMT,-1,0.1388589501807991,0.018841,10.0
2026-01-14 19:00:00+00:00,2026-01-14,MERL,-1,0.1176590823480127,0.23307,10.0
2026-01-14 19:00:00+00:00,2026-01-14,ZEC,-1,0.0799696101129882,438.07,10.0
2026-01-15 19:00:00+00:00,2026-01-15,BNB,1,0.961117984774586,931.1,10.0
2026-01-15 19:00:00+00:00,2026-01-15,BTC,1,0.9769669738545348,95812.0,10.0
2026-01-15 19:00:00+00:00,2026-01-15,ETH,1,0.977486860989909,3288.4,10.0
2026-01-15 19:00:00+00:00,2026-01-15,GMT,-1,0.067601753377655,0.017764,10.0
2026-01-15 19:00:00+00:00,2026-01-15,RENDER,-1,0.1646421155575606,2.1969,10.0
2026-01-15 19:00:00+00:00,2026-01-15,RESOLV,-1,0.159272909319019,0.078272,10.0
2026-01-16 19:00:00+00:00,2026-01-16,BTC,1,0.9551185608728736,95041.0,10.0
2026-01-16 19:00:00+00:00,2026-01-16,ETH,1,0.9486961196156224,3279.2,10.0
2026-01-16 19:00:00+00:00,2026-01-16,GMT,-1,0.0810698547575074,0.018452,10.0
2026-01-16 19:00:00+00:00,2026-01-16,IP,-1,0.1450435159562774,2.801,10.0
2026-01-16 19:00:00+00:00,2026-01-16,TRX,1,0.9664377323429812,0.30713,10.0
2026-01-16 19:00:00+00:00,2026-01-16,ZEC,-1,0.0964955523317805,411.04,10.0
2026-01-17 19:00:00+00:00,2026-01-17,BNB,1,0.900600208994213,953.02,10.0
2026-01-17 19:00:00+00:00,2026-01-17,ETC,1,0.8930355065355895,12.975,10.0
2026-01-17 19:00:00+00:00,2026-01-17,NEO,1,0.9110222132319632,4.0731,10.0
2026-01-17 19:00:00+00:00,2026-01-17,UNI,-1,0.158583024809617,5.3816,10.0
2026-01-17 19:00:00+00:00,2026-01-17,WCT,-1,0.1488771689756406,0.079428,10.0
2026-01-17 19:00:00+00:00,2026-01-17,ZEC,-1,0.0544143554538285,402.19,10.0
2026-01-18 19:00:00+00:00,2026-01-18,ANIME,-1,0.1235691444665525,0.007893,10.0
2026-01-18 19:00:00+00:00,2026-01-18,BNB,1,0.9325848463730696,951.28,10.0
2026-01-18 19:00:00+00:00,2026-01-18,ETH,1,0.9260006780468492,3361.0,10.0
2026-01-18 19:00:00+00:00,2026-01-18,IP,-1,0.1337104186815147,2.6754,10.0
2026-01-18 19:00:00+00:00,2026-01-18,NEO,1,0.9049652206577348,4.0404,10.0
2026-01-18 19:00:00+00:00,2026-01-18,ZEC,-1,0.0664103647514517,390.86,10.0
2026-01-19 19:00:00+00:00,2026-01-19,BNB,1,0.9550592882123792,926.75,10.0
2026-01-19 19:00:00+00:00,2026-01-19,BTC,1,0.9121355819633112,93010.0,10.0
2026-01-19 19:00:00+00:00,2026-01-19,EIGEN,-1,0.1598679128127925,0.3445,10.0
2026-01-19 19:00:00+00:00,2026-01-19,ETH,1,0.964309113089862,3214.4,10.0
2026-01-19 19:00:00+00:00,2026-01-19,LINEA,-1,0.1454100220018799,0.005699,10.0
2026-01-19 19:00:00+00:00,2026-01-19,ZEC,-1,0.1155722725153946,373.38,10.0
2026-01-20 19:00:00+00:00,2026-01-20,BNB,1,0.8951346502015999,891.8,10.0
2026-01-20 19:00:00+00:00,2026-01-20,BTC,1,0.9384698774677882,89457.0,10.0
2026-01-20 19:00:00+00:00,2026-01-20,ETH,1,0.891399118809777,2991.4,10.0
2026-01-20 19:00:00+00:00,2026-01-20,ME,-1,0.079475178524228,0.23431,10.0
2026-01-20 19:00:00+00:00,2026-01-20,TNSR,-1,0.1059854399540935,0.06001,10.0
2026-01-20 19:00:00+00:00,2026-01-20,ZEC,-1,0.1202978848928972,343.14,10.0
2026-01-21 19:00:00+00:00,2026-01-21,BNB,1,0.935570634960576,873.31,10.0
2026-01-21 19:00:00+00:00,2026-01-21,BTC,1,0.930271817528998,88429.0,10.0
2026-01-21 19:00:00+00:00,2026-01-21,ETC,1,0.9155285707437878,11.52,10.0
2026-01-21 19:00:00+00:00,2026-01-21,IO,-1,0.1327584467431558,0.14354,10.0
2026-01-21 19:00:00+00:00,2026-01-21,ME,-1,0.0362789563461652,0.24364,10.0
2026-01-21 19:00:00+00:00,2026-01-21,ZEN,-1,0.0974834091070485,9.8999,10.0
2026-01-22 19:00:00+00:00,2026-01-22,0G,-1,0.1860342266694573,0.81054,10.0
2026-01-22 19:00:00+00:00,2026-01-22,AVNT,-1,0.143959814129552,0.26383,10.0
2026-01-22 19:00:00+00:00,2026-01-22,BERA,-1,0.1655877380342791,0.78789,10.0
2026-01-22 19:00:00+00:00,2026-01-22,BTC,1,0.9577252071158376,89308.0,10.0
2026-01-22 19:00:00+00:00,2026-01-22,XLM,1,0.9190336425638832,0.21201,10.0
2026-01-22 19:00:00+00:00,2026-01-22,XRP,1,0.9264206913218356,1.9214,10.0
2026-01-23 19:00:00+00:00,2026-01-23,BNB,1,0.9269985716403448,899.5,10.0
2026-01-23 19:00:00+00:00,2026-01-23,BTC,1,0.9695142472685754,90484.0,10.0
2026-01-23 19:00:00+00:00,2026-01-23,ME,-1,0.0802810044015395,0.22685,10.0
2026-01-23 19:00:00+00:00,2026-01-23,MEME,-1,0.1573705396873959,0.001084,10.0
2026-01-23 19:00:00+00:00,2026-01-23,TNSR,-1,0.1472624369683293,0.06246,10.0
2026-01-23 19:00:00+00:00,2026-01-23,TRX,1,0.8937433814186405,0.29857,10.0
2026-01-24 19:00:00+00:00,2026-01-24,BNB,1,0.9719276851096104,888.42,10.0
2026-01-24 19:00:00+00:00,2026-01-24,BTC,1,0.9763823074902788,89347.0,10.0
2026-01-24 19:00:00+00:00,2026-01-24,ETH,1,0.9251521939306584,2962.2,10.0
2026-01-24 19:00:00+00:00,2026-01-24,KAITO,-1,0.1143273756746717,0.42374,10.0
2026-01-24 19:00:00+00:00,2026-01-24,ME,-1,0.0571876670134293,0.22124,10.0
2026-01-24 19:00:00+00:00,2026-01-24,MERL,-1,0.166249244425603,0.11776,10.0
2026-01-25 19:00:00+00:00,2026-01-25,AVNT,-1,0.1590886561335318,0.30542,10.0
2026-01-25 19:00:00+00:00,2026-01-25,BERA,-1,0.1383947356860268,0.66351,10.0
2026-01-25 19:00:00+00:00,2026-01-25,BTC,1,0.8847137931687471,87391.0,10.0
2026-01-25 19:00:00+00:00,2026-01-25,ENS,1,0.8885867230920526,8.6559,10.0
2026-01-25 19:00:00+00:00,2026-01-25,ME,-1,0.0772713199274307,0.20604,10.0
2026-01-25 19:00:00+00:00,2026-01-25,TON,1,0.8950757127587894,1.5025,10.0
2026-01-26 19:00:00+00:00,2026-01-26,BIO,-1,0.1063428055585219,0.045126,10.0
2026-01-26 19:00:00+00:00,2026-01-26,BNB,1,0.9221541898110618,877.69,10.0
2026-01-26 19:00:00+00:00,2026-01-26,BTC,1,0.938534826266108,88365.0,10.0
2026-01-26 19:00:00+00:00,2026-01-26,ME,-1,0.0770109183448938,0.20939,10.0
2026-01-26 19:00:00+00:00,2026-01-26,SAND,-1,0.0748962679799135,0.13323,10.0
2026-01-26 19:00:00+00:00,2026-01-26,TRX,1,0.9268796992054036,0.29617,10.0
2026-01-27 19:00:00+00:00,2026-01-27,AIXBT,-1,0.1293694341400509,0.030277,10.0
2026-01-27 19:00:00+00:00,2026-01-27,BERA,-1,0.1466811402809496,0.64528,10.0
2026-01-27 19:00:00+00:00,2026-01-27,BTC,1,0.9737916153974376,88248.0,10.0
2026-01-27 19:00:00+00:00,2026-01-27,ETH,1,0.9489731522109092,2977.1,10.0
2026-01-27 19:00:00+00:00,2026-01-27,ME,-1,0.1627925477717454,0.20464,10.0
2026-01-27 19:00:00+00:00,2026-01-27,XRP,1,0.9202924814317812,1.9063,10.0
2026-01-28 19:00:00+00:00,2026-01-28,BNB,1,0.9556394685386846,902.29,10.0
2026-01-28 19:00:00+00:00,2026-01-28,BTC,1,0.9351058466030294,89506.0,10.0
2026-01-28 19:00:00+00:00,2026-01-28,ETH,1,0.9457195823573838,3015.0,10.0
2026-01-28 19:00:00+00:00,2026-01-28,ME,-1,0.1098507632615199,0.20487,10.0
2026-01-28 19:00:00+00:00,2026-01-28,RENDER,-1,0.1308076057425082,1.9216,10.0
2026-01-28 19:00:00+00:00,2026-01-28,SAND,-1,0.1015007622681396,0.1228,10.0
2026-01-29 19:00:00+00:00,2026-01-29,BERA,-1,0.1702892845520902,0.55625,10.0
2026-01-29 19:00:00+00:00,2026-01-29,BNB,1,0.9651788860466408,857.34,10.0
2026-01-29 19:00:00+00:00,2026-01-29,BTC,1,0.9704819053552306,83454.0,10.0
2026-01-29 19:00:00+00:00,2026-01-29,ME,-1,0.14525202766952,0.18498,10.0
2026-01-29 19:00:00+00:00,2026-01-29,SAND,-1,0.1676208065121282,0.11234,10.0
2026-01-29 19:00:00+00:00,2026-01-29,XLM,1,0.9276878673574912,0.19521,10.0
2026-01-30 19:00:00+00:00,2026-01-30,BNB,1,0.9570381432826012,850.76,10.0
2026-01-30 19:00:00+00:00,2026-01-30,BTC,1,0.9482092001279526,83915.0,10.0
2026-01-30 19:00:00+00:00,2026-01-30,ME,-1,0.1120428302308052,0.1812,10.0
2026-01-30 19:00:00+00:00,2026-01-30,MERL,-1,0.1451633159193335,0.063754,10.0
2026-01-30 19:00:00+00:00,2026-01-30,TON,1,0.9289063986102192,1.4613,10.0
2026-01-30 19:00:00+00:00,2026-01-30,VVV,-1,0.1337184364955899,2.7095,10.0
2026-01-31 19:00:00+00:00,2026-01-31,BTC,1,0.8988274853128371,78008.0,10.0
2026-01-31 19:00:00+00:00,2026-01-31,ME,-1,0.1213576461603066,0.15754,10.0
2026-01-31 19:00:00+00:00,2026-01-31,RENDER,-1,0.132701230960583,1.4714,10.0
2026-01-31 19:00:00+00:00,2026-01-31,SOL,1,0.8932609173575032,101.75,10.0
2026-01-31 19:00:00+00:00,2026-01-31,TON,1,0.9277232244209268,1.2984,10.0
2026-01-31 19:00:00+00:00,2026-01-31,VVV,-1,0.1090470829555529,2.1473,10.0
2026-02-01 19:00:00+00:00,2026-02-01,BNB,1,0.956977372334276,762.83,10.0
2026-02-01 19:00:00+00:00,2026-02-01,BTC,1,0.9404973838571036,78001.0,10.0
2026-02-01 19:00:00+00:00,2026-02-01,IP,-1,0.1463975040911459,1.4026,10.0
2026-02-01 19:00:00+00:00,2026-02-01,ME,-1,0.1292344572608594,0.1593,10.0
2026-02-01 19:00:00+00:00,2026-02-01,TRX,1,0.9360850214823894,0.28595,10.0
2026-02-01 19:00:00+00:00,2026-02-01,VVV,-1,0.0601700398233972,2.2302,10.0
2026-02-02 19:00:00+00:00,2026-02-02,BTC,1,0.9304275874764726,78528.0,10.0
2026-02-02 19:00:00+00:00,2026-02-02,RENDER,-1,0.1234310489531948,1.6015,10.0
2026-02-02 19:00:00+00:00,2026-02-02,TON,1,0.9049950428562108,1.3703,10.0
2026-02-02 19:00:00+00:00,2026-02-02,TRX,1,0.9059492578703032,0.28325,10.0
2026-02-02 19:00:00+00:00,2026-02-02,VVV,-1,0.1333265214212728,2.2023,10.0
2026-02-02 19:00:00+00:00,2026-02-02,ZEREBRO,-1,0.1596261659742198,0.009307,10.0
2026-02-03 19:00:00+00:00,2026-02-03,BNB,1,0.9266245533249378,736.36,10.0
2026-02-03 19:00:00+00:00,2026-02-03,BTC,1,0.9548578028715274,73120.0,10.0
2026-02-03 19:00:00+00:00,2026-02-03,LINEA,-1,0.1646401155090106,0.003957,10.0
2026-02-03 19:00:00+00:00,2026-02-03,LTC,1,0.9118825352687148,57.087,10.0
2026-02-03 19:00:00+00:00,2026-02-03,VVV,-1,0.1494788327059722,2.001,10.0
2026-02-03 19:00:00+00:00,2026-02-03,WLD,-1,0.1176050027715828,0.40079,10.0
2026-02-04 19:00:00+00:00,2026-02-04,BTC,1,0.9088197967970988,73399.0,10.0
2026-02-04 19:00:00+00:00,2026-02-04,ETC,1,0.9040729071237124,9.3489,10.0
2026-02-04 19:00:00+00:00,2026-02-04,LINEA,-1,0.1503787392704444,0.003876,10.0
2026-02-04 19:00:00+00:00,2026-02-04,TRX,1,0.9445889341902848,0.28414,10.0
2026-02-04 19:00:00+00:00,2026-02-04,ZEC,-1,0.1134498526872342,263.93,10.0
2026-02-04 19:00:00+00:00,2026-02-04,ZK,-1,0.08107878455311,0.023302,10.0
2026-02-05 19:00:00+00:00,2026-02-05,BERA,-1,0.1571331888425058,0.39512,10.0
2026-02-05 19:00:00+00:00,2026-02-05,BTC,1,0.9017708264006716,66319.0,10.0
2026-02-05 19:00:00+00:00,2026-02-05,ETC,1,0.8971561203929408,8.4708,10.0
2026-02-05 19:00:00+00:00,2026-02-05,TRX,1,0.9202837121495452,0.27351,10.0
2026-02-05 19:00:00+00:00,2026-02-05,ZEC,-1,0.1551064176459546,218.02,10.0
2026-02-05 19:00:00+00:00,2026-02-05,ZK,-1,0.1523861104270779,0.020328,10.0
2026-02-06 19:00:00+00:00,2026-02-06,ETC,1,0.9109557251770782,8.809,10.0
2026-02-06 19:00:00+00:00,2026-02-06,MERL,-1,0.1543562931002951,0.055069,10.0
2026-02-06 19:00:00+00:00,2026-02-06,RENDER,-1,0.1397753449231139,1.4288,10.0
2026-02-06 19:00:00+00:00,2026-02-06,TON,1,0.9374988771577948,1.3598,10.0
2026-02-06 19:00:00+00:00,2026-02-06,TRX,1,0.9646774403615992,0.27261,10.0
2026-02-06 19:00:00+00:00,2026-02-06,ZK,-1,0.1395323848994066,0.023051,10.0
2026-02-07 19:00:00+00:00,2026-02-07,BERA,-1,0.1000118572682388,0.44664,10.0
2026-02-07 19:00:00+00:00,2026-02-07,ETC,1,0.91801920794069,8.8162,10.0
2026-02-07 19:00:00+00:00,2026-02-07,POPCAT,-1,0.1703707021535443,0.053472,10.0
2026-02-07 19:00:00+00:00,2026-02-07,SPX,-1,0.1343511814622598,0.29719,10.0
2026-02-07 19:00:00+00:00,2026-02-07,TON,1,0.9201724032199874,1.3973,10.0
2026-02-07 19:00:00+00:00,2026-02-07,TRX,1,0.9419792568426352,0.27743,10.0
2026-02-08 19:00:00+00:00,2026-02-08,BERA,-1,0.0938753408759905,0.44883,10.0
2026-02-08 19:00:00+00:00,2026-02-08,ETC,1,0.9038381997908084,8.6311,10.0
2026-02-08 19:00:00+00:00,2026-02-08,IP,-1,0.1306337583154856,1.2909,10.0
2026-02-08 19:00:00+00:00,2026-02-08,LTC,1,0.9254478027884672,54.723,10.0
2026-02-08 19:00:00+00:00,2026-02-08,POPCAT,-1,0.137345721152115,0.052048,10.0
2026-02-08 19:00:00+00:00,2026-02-08,TRX,1,0.969661617332593,0.279,10.0
2026-02-09 19:00:00+00:00,2026-02-09,BERA,-1,0.0775269275279299,0.4556,10.0
2026-02-09 19:00:00+00:00,2026-02-09,BTC,1,0.9130921162678152,70386.0,10.0
2026-02-09 19:00:00+00:00,2026-02-09,IP,-1,0.1463211886890727,1.2329,10.0
2026-02-09 19:00:00+00:00,2026-02-09,LTC,1,0.9091363892163622,54.661,10.0
2026-02-09 19:00:00+00:00,2026-02-09,TRX,1,0.973095515220899,0.27853,10.0
2026-02-09 19:00:00+00:00,2026-02-09,VVV,-1,0.1084388256695697,1.875,10.0
2026-02-10 19:00:00+00:00,2026-02-10,BCH,1,0.909207775046276,518.19,10.0
2026-02-10 19:00:00+00:00,2026-02-10,BERA,-1,0.0544972785518656,0.50415,10.0
2026-02-10 19:00:00+00:00,2026-02-10,ETC,1,0.9127640135948184,8.2808,10.0
2026-02-10 19:00:00+00:00,2026-02-10,IP,-1,0.13760574976944,1.1438,10.0
2026-02-10 19:00:00+00:00,2026-02-10,TRX,1,0.9779579033300024,0.2776,10.0
2026-02-10 19:00:00+00:00,2026-02-10,VVV,-1,0.1495837364848933,1.797,10.0
2026-02-11 19:00:00+00:00,2026-02-11,BERA,-1,0.0837459690967097,0.64538,10.0
2026-02-11 19:00:00+00:00,2026-02-11,ETC,1,0.8982582544644796,8.173,10.0
2026-02-11 19:00:00+00:00,2026-02-11,IP,-1,0.1200873133131596,1.1287,10.0
2026-02-11 19:00:00+00:00,2026-02-11,TON,1,0.9181686904423786,1.3143,10.0
2026-02-11 19:00:00+00:00,2026-02-11,TRX,1,0.976752877451394,0.2768,10.0
2026-02-11 19:00:00+00:00,2026-02-11,VVV,-1,0.1580276631585875,1.8074,10.0
2026-02-12 19:00:00+00:00,2026-02-12,BERA,-1,0.1070180306020214,0.6995,10.0
2026-02-12 19:00:00+00:00,2026-02-12,BNB,1,0.8999878391712527,606.53,10.0
2026-02-12 19:00:00+00:00,2026-02-12,IP,-1,0.1519898650235178,1.0849,10.0
2026-02-12 19:00:00+00:00,2026-02-12,TON,1,0.9144934030061258,1.3782,10.0
2026-02-12 19:00:00+00:00,2026-02-12,TRX,1,0.971728284322213,0.27683,10.0
2026-02-12 19:00:00+00:00,2026-02-12,VVV,-1,0.1658960078324729,1.7565,10.0
2026-02-13 19:00:00+00:00,2026-02-13,BERA,-1,0.0395085485081415,0.6746,10.0
2026-02-13 19:00:00+00:00,2026-02-13,ETC,1,0.9164828273072856,8.46,10.0
2026-02-13 19:00:00+00:00,2026-02-13,IP,-1,0.121218633472428,1.1652,10.0
2026-02-13 19:00:00+00:00,2026-02-13,LINEA,-1,0.1452546446509357,0.003681,10.0
2026-02-13 19:00:00+00:00,2026-02-13,TON,1,0.917980398507927,1.4733,10.0
2026-02-13 19:00:00+00:00,2026-02-13,TRX,1,0.9585985362269666,0.28087,10.0
2026-02-14 19:00:00+00:00,2026-02-14,BERA,-1,0.0381651082897104,0.69176,10.0
2026-02-14 19:00:00+00:00,2026-02-14,JUP,-1,0.1301146327193303,0.16422,10.0
2026-02-14 19:00:00+00:00,2026-02-14,LTC,1,0.9206644025997768,56.031,10.0
2026-02-14 19:00:00+00:00,2026-02-14,TNSR,-1,0.1168210134740377,0.05581,10.0
2026-02-14 19:00:00+00:00,2026-02-14,TON,1,0.9230562673069858,1.4998,10.0
2026-02-14 19:00:00+00:00,2026-02-14,TRX,1,0.95982711495463,0.28311,10.0
2026-02-15 19:00:00+00:00,2026-02-15,BERA,-1,0.0498276199752054,0.63803,10.0
2026-02-15 19:00:00+00:00,2026-02-15,ETC,1,0.910296304623728,8.6459,10.0
2026-02-15 19:00:00+00:00,2026-02-15,TNSR,-1,0.1636147514255421,0.05091,10.0
2026-02-15 19:00:00+00:00,2026-02-15,TON,1,0.9495239978700846,1.4617,10.0
2026-02-15 19:00:00+00:00,2026-02-15,TRX,1,0.946858329056407,0.27984,10.0
2026-02-15 19:00:00+00:00,2026-02-15,VVV,-1,0.1443240145294838,3.8986,10.0
2026-02-16 19:00:00+00:00,2026-02-16,AVAX,1,0.9157152840831492,9.1256,10.0
2026-02-16 19:00:00+00:00,2026-02-16,BERA,-1,0.0458342252909692,0.64425,10.0
2026-02-16 19:00:00+00:00,2026-02-16,IP,-1,0.1416642877666086,1.172,10.0
2026-02-16 19:00:00+00:00,2026-02-16,TON,1,0.9340582009078588,1.4395,10.0
2026-02-16 19:00:00+00:00,2026-02-16,TRX,1,0.9521934547978712,0.28298,10.0
2026-02-16 19:00:00+00:00,2026-02-16,VVV,-1,0.1545419318693937,3.4711,10.0
2026-02-17 19:00:00+00:00,2026-02-17,BCH,1,0.918565116272944,566.17,10.0
2026-02-17 19:00:00+00:00,2026-02-17,BERA,-1,0.0909181618324965,0.66148,10.0
2026-02-17 19:00:00+00:00,2026-02-17,BTC,1,0.9109336103146288,68079.0,10.0
2026-02-17 19:00:00+00:00,2026-02-17,ME,-1,0.126422529859093,0.13671,10.0
2026-02-17 19:00:00+00:00,2026-02-17,TRX,1,0.9724053135989036,0.28208,10.0
2026-02-17 19:00:00+00:00,2026-02-17,VVV,-1,0.0750613437375297,4.6026,10.0
2026-02-18 19:00:00+00:00,2026-02-18,BERA,-1,0.0689046636253091,0.61963,10.0
2026-02-18 19:00:00+00:00,2026-02-18,BTC,1,0.911790347367056,66317.0,10.0
2026-02-18 19:00:00+00:00,2026-02-18,ETC,1,0.9052730560128904,8.5078,10.0
2026-02-18 19:00:00+00:00,2026-02-18,MOVE,-1,0.127318765961089,0.024194,10.0
2026-02-18 19:00:00+00:00,2026-02-18,TRX,1,0.9800376053016784,0.27945,10.0
2026-02-18 19:00:00+00:00,2026-02-18,VVV,-1,0.1059131375009456,3.8705,10.0
2026-02-19 19:00:00+00:00,2026-02-19,BERA,-1,0.0728847989928994,0.5717,10.0
2026-02-19 19:00:00+00:00,2026-02-19,BTC,1,0.911611334775632,67016.0,10.0
2026-02-19 19:00:00+00:00,2026-02-19,MERL,-1,0.1308529634411522,0.052316,10.0
2026-02-19 19:00:00+00:00,2026-02-19,TON,1,0.9439500385145444,1.3667,10.0
2026-02-19 19:00:00+00:00,2026-02-19,TRX,1,0.9832821045733164,0.28386,10.0
2026-02-19 19:00:00+00:00,2026-02-19,VVV,-1,0.0678832277431331,3.6186,10.0
2026-02-20 19:00:00+00:00,2026-02-20,BERA,-1,0.1112832948575742,0.60119,10.0
2026-02-20 19:00:00+00:00,2026-02-20,BTC,1,0.926360288567696,67895.0,10.0
2026-02-20 19:00:00+00:00,2026-02-20,MERL,-1,0.100474087665837,0.053402,10.0
2026-02-20 19:00:00+00:00,2026-02-20,MOVE,-1,0.1123040123622636,0.024126,10.0
2026-02-20 19:00:00+00:00,2026-02-20,TON,1,0.9356143089211096,1.3579,10.0
2026-02-20 19:00:00+00:00,2026-02-20,TRX,1,0.982904298995239,0.28507,10.0
2026-02-21 19:00:00+00:00,2026-02-21,BERA,-1,0.0543120533227205,0.58079,10.0
2026-02-21 19:00:00+00:00,2026-02-21,BNB,1,0.9162308440741088,628.54,10.0
2026-02-21 19:00:00+00:00,2026-02-21,BTC,1,0.9305621181454486,68544.0,10.0
2026-02-21 19:00:00+00:00,2026-02-21,JTO,-1,0.0986793851373815,0.30521,10.0
2026-02-21 19:00:00+00:00,2026-02-21,MERL,-1,0.1307089598218929,0.051579,10.0
2026-02-21 19:00:00+00:00,2026-02-21,TRX,1,0.9595775960292784,0.28838,10.0
2026-02-22 19:00:00+00:00,2026-02-22,AVAX,1,0.9096733441434564,8.8134,10.0
2026-02-22 19:00:00+00:00,2026-02-22,BERA,-1,0.0585433229091699,0.57361,10.0
2026-02-22 19:00:00+00:00,2026-02-22,BTC,1,0.9298642950908388,67397.0,10.0
2026-02-22 19:00:00+00:00,2026-02-22,JTO,-1,0.1286657254143933,0.30407,10.0
2026-02-22 19:00:00+00:00,2026-02-22,MERL,-1,0.1245229263600661,0.049994,10.0
2026-02-22 19:00:00+00:00,2026-02-22,TRX,1,0.9746588319535396,0.2902,10.0
2026-02-23 19:00:00+00:00,2026-02-23,BERA,-1,0.0544967486423174,0.55811,10.0
2026-02-23 19:00:00+00:00,2026-02-23,BIO,-1,0.0939227325471694,0.024813,10.0
2026-02-23 19:00:00+00:00,2026-02-23,BTC,1,0.9403927541893148,64598.0,10.0
2026-02-23 19:00:00+00:00,2026-02-23,JTO,-1,0.1085012976699314,0.27726,10.0
2026-02-23 19:00:00+00:00,2026-02-23,LTC,1,0.9019287412679682,51.371,10.0
2026-02-23 19:00:00+00:00,2026-02-23,TRX,1,0.9710673329738994,0.28197,10.0
2026-02-24 19:00:00+00:00,2026-02-24,BERA,-1,0.0712161012631903,0.5981,10.0
2026-02-24 19:00:00+00:00,2026-02-24,BIO,-1,0.0962204322835067,0.024909,10.0
2026-02-24 19:00:00+00:00,2026-02-24,BNB,1,0.8835133594682144,587.8,10.0
2026-02-24 19:00:00+00:00,2026-02-24,TON,1,0.9093507985443636,1.3157,10.0
2026-02-24 19:00:00+00:00,2026-02-24,TRX,1,0.9608383061506194,0.28223,10.0
2026-02-24 19:00:00+00:00,2026-02-24,VVV,-1,0.083607862587911,3.7316,10.0
2026-02-25 19:00:00+00:00,2026-02-25,BERA,-1,0.0593314833135161,0.62906,10.0
2026-02-25 19:00:00+00:00,2026-02-25,BIO,-1,0.1105985073283748,0.026014,10.0
2026-02-25 19:00:00+00:00,2026-02-25,JTO,-1,0.0960611342317902,0.30037,10.0
2026-02-25 19:00:00+00:00,2026-02-25,LTC,1,0.8925054757144179,58.286,10.0
2026-02-25 19:00:00+00:00,2026-02-25,TON,1,0.9106876564589116,1.3445,10.0
2026-02-25 19:00:00+00:00,2026-02-25,TRX,1,0.9606239051746224,0.28586,10.0
2026-02-26 19:00:00+00:00,2026-02-26,BERA,-1,0.0685688077462291,0.61032,10.0
2026-02-26 19:00:00+00:00,2026-02-26,BTC,1,0.9088505088520004,67278.0,10.0
2026-02-26 19:00:00+00:00,2026-02-26,JTO,-1,0.1271989553690631,0.27817,10.0
2026-02-26 19:00:00+00:00,2026-02-26,LTC,1,0.8950857062286104,55.229,10.0
2026-02-26 19:00:00+00:00,2026-02-26,TRX,1,0.9488467711051326,0.28499,10.0
2026-02-26 19:00:00+00:00,2026-02-26,VVV,-1,0.1365974539175377,4.0339,10.0
2026-02-27 19:00:00+00:00,2026-02-27,BERA,-1,0.07235846106768,0.60405,10.0
2026-02-27 19:00:00+00:00,2026-02-27,BIO,-1,0.1282419371214017,0.022504,10.0
2026-02-27 19:00:00+00:00,2026-02-27,BNB,1,0.9022509861150256,609.78,10.0
2026-02-27 19:00:00+00:00,2026-02-27,BTC,1,0.9314450015238892,65273.0,10.0
2026-02-27 19:00:00+00:00,2026-02-27,OP,-1,0.1210082265842765,0.12048,10.0
2026-02-27 19:00:00+00:00,2026-02-27,TRX,1,0.965425231444026,0.28212,10.0
2026-02-28 19:00:00+00:00,2026-02-28,BERA,-1,0.0662617864100185,0.606,10.0
2026-02-28 19:00:00+00:00,2026-02-28,BIO,-1,0.105949093452805,0.021182,10.0
2026-02-28 19:00:00+00:00,2026-02-28,BTC,1,0.9188895301488176,65878.0,10.0
2026-02-28 19:00:00+00:00,2026-02-28,JTO,-1,0.1371120780769963,0.26358,10.0
2026-02-28 19:00:00+00:00,2026-02-28,TON,1,0.897763261520724,1.2646,10.0
2026-02-28 19:00:00+00:00,2026-02-28,TRX,1,0.962310079368057,0.28192,10.0
2026-03-01 19:00:00+00:00,2026-03-01,BERA,-1,0.0730171105091544,0.6012,10.0
2026-03-01 19:00:00+00:00,2026-03-01,BIO,-1,0.1024306501176495,0.020482,10.0
2026-03-01 19:00:00+00:00,2026-03-01,BNB,1,0.9333435428349568,623.09,10.0
2026-03-01 19:00:00+00:00,2026-03-01,BTC,1,0.9462286610957044,66278.0,10.0
2026-03-01 19:00:00+00:00,2026-03-01,JTO,-1,0.1529118568295212,0.26474,10.0
2026-03-01 19:00:00+00:00,2026-03-01,TRX,1,0.9411160840333732,0.28116,10.0
2026-03-02 19:00:00+00:00,2026-03-02,BERA,-1,0.0822605375563918,0.61084,10.0
2026-03-02 19:00:00+00:00,2026-03-02,BIO,-1,0.1093089546724219,0.020812,10.0
2026-03-02 19:00:00+00:00,2026-03-02,BNB,1,0.9413993711511536,639.67,10.0
2026-03-02 19:00:00+00:00,2026-03-02,BTC,1,0.9344979431465676,68839.0,10.0
2026-03-02 19:00:00+00:00,2026-03-02,INIT,-1,0.1510585826631249,0.07923,10.0
2026-03-02 19:00:00+00:00,2026-03-02,TRX,1,0.9636986233585608,0.28224,10.0
2026-03-03 19:00:00+00:00,2026-03-03,BERA,-1,0.0499141147932742,0.57894,10.0
2026-03-03 19:00:00+00:00,2026-03-03,BIO,-1,0.1084582658290677,0.020997,10.0
2026-03-03 19:00:00+00:00,2026-03-03,BNB,1,0.9149218864272616,634.25,10.0
2026-03-03 19:00:00+00:00,2026-03-03,BTC,1,0.946499649498713,68588.0,10.0
2026-03-03 19:00:00+00:00,2026-03-03,INIT,-1,0.1196258450357414,0.08507,10.0
2026-03-03 19:00:00+00:00,2026-03-03,TRX,1,0.9752589793182228,0.2806,10.0
2026-03-04 19:00:00+00:00,2026-03-04,BERA,-1,0.06213164004828,0.5491,10.0
2026-03-04 19:00:00+00:00,2026-03-04,BTC,1,0.9304886568043658,73650.0,10.0
2026-03-04 19:00:00+00:00,2026-03-04,INIT,-1,0.1528887787676772,0.079639,10.0
2026-03-04 19:00:00+00:00,2026-03-04,JTO,-1,0.1608820827795187,0.28016,10.0
2026-03-04 19:00:00+00:00,2026-03-04,LTC,1,0.9262245975414366,56.985,10.0
2026-03-04 19:00:00+00:00,2026-03-04,TRX,1,0.9388728926910394,0.28683,10.0
2026-03-05 19:00:00+00:00,2026-03-05,BERA,-1,0.0666444574008076,0.53393,10.0
2026-03-05 19:00:00+00:00,2026-03-05,BNB,1,0.9162472030079446,649.86,10.0
2026-03-05 19:00:00+00:00,2026-03-05,BTC,1,0.9324462038567182,70968.0,10.0
2026-03-05 19:00:00+00:00,2026-03-05,INIT,-1,0.1434766783624975,0.078276,10.0
2026-03-05 19:00:00+00:00,2026-03-05,JTO,-1,0.1556786543963882,0.27006,10.0
2026-03-05 19:00:00+00:00,2026-03-05,TRX,1,0.9496492544921326,0.28251,10.0
2026-03-06 19:00:00+00:00,2026-03-06,BERA,-1,0.0811294802158896,0.53167,10.0
2026-03-06 19:00:00+00:00,2026-03-06,BIO,-1,0.1343501584252878,0.02035,10.0
2026-03-06 19:00:00+00:00,2026-03-06,BNB,1,0.9067154672375805,630.46,10.0
2026-03-06 19:00:00+00:00,2026-03-06,BTC,1,0.921728348455403,68146.0,10.0
2026-03-06 19:00:00+00:00,2026-03-06,INIT,-1,0.1597783882669746,0.086458,10.0
2026-03-06 19:00:00+00:00,2026-03-06,TRX,1,0.9670967163100532,0.28502,10.0
2026-03-07 19:00:00+00:00,2026-03-07,BERA,-1,0.0653122979470409,0.54111,10.0
2026-03-07 19:00:00+00:00,2026-03-07,BIO,-1,0.1479138724857927,0.02129,10.0
2026-03-07 19:00:00+00:00,2026-03-07,BTC,1,0.9235714861508736,67546.0,10.0
2026-03-07 19:00:00+00:00,2026-03-07,LTC,1,0.8903349119345542,53.647,10.0
2026-03-07 19:00:00+00:00,2026-03-07,TRX,1,0.955842261540678,0.28596,10.0
2026-03-07 19:00:00+00:00,2026-03-07,USUAL,-1,0.1696258201690785,0.01475,10.0
2026-03-08 19:00:00+00:00,2026-03-08,BERA,-1,0.1055647421992335,0.5353,10.0
2026-03-08 19:00:00+00:00,2026-03-08,BIO,-1,0.1525422934152472,0.020843,10.0
2026-03-08 19:00:00+00:00,2026-03-08,BNB,1,0.908526505230828,613.31,10.0
2026-03-08 19:00:00+00:00,2026-03-08,BTC,1,0.9184596949434636,66781.0,10.0
2026-03-08 19:00:00+00:00,2026-03-08,INIT,-1,0.1485783631343913,0.084606,10.0
2026-03-08 19:00:00+00:00,2026-03-08,TRX,1,0.9473603231736852,0.28948,10.0
2026-03-09 19:00:00+00:00,2026-03-09,AIXBT,-1,0.1354290905320327,0.025178,10.0
2026-03-09 19:00:00+00:00,2026-03-09,BERA,-1,0.1066015353026667,0.52405,10.0
2026-03-09 19:00:00+00:00,2026-03-09,BNB,1,0.9240661202447318,634.44,10.0
2026-03-09 19:00:00+00:00,2026-03-09,BTC,1,0.8946552874514263,68312.0,10.0
2026-03-09 19:00:00+00:00,2026-03-09,INIT,-1,0.1592767020687772,0.081784,10.0
2026-03-09 19:00:00+00:00,2026-03-09,TRX,1,0.9271221552915908,0.2855,10.0
2026-03-10 19:00:00+00:00,2026-03-10,AIXBT,-1,0.1136017158870009,0.024879,10.0
2026-03-10 19:00:00+00:00,2026-03-10,BERA,-1,0.0686376077087692,0.54748,10.0
2026-03-10 19:00:00+00:00,2026-03-10,BIO,-1,0.148841114685398,0.020974,10.0
2026-03-10 19:00:00+00:00,2026-03-10,BNB,1,0.9288641586233678,641.05,10.0
2026-03-10 19:00:00+00:00,2026-03-10,BTC,1,0.9158412113329936,69964.0,10.0
2026-03-10 19:00:00+00:00,2026-03-10,TRX,1,0.9191469941586924,0.28426,10.0
2026-03-11 19:00:00+00:00,2026-03-11,BERA,-1,0.0855685504770955,0.58213,10.0
2026-03-11 19:00:00+00:00,2026-03-11,BNB,1,0.9072304336920388,652.75,10.0
2026-03-11 19:00:00+00:00,2026-03-11,BTC,1,0.9483978494569482,70586.0,10.0
2026-03-11 19:00:00+00:00,2026-03-11,JTO,-1,0.1474827683857202,0.26937,10.0
2026-03-11 19:00:00+00:00,2026-03-11,TRX,1,0.9270387594317432,0.29033,10.0
2026-03-11 19:00:00+00:00,2026-03-11,UMA,-1,0.1573969889798,0.41261,10.0
2026-03-12 19:00:00+00:00,2026-03-12,AIXBT,-1,0.1800997851391146,0.027168,10.0
2026-03-12 19:00:00+00:00,2026-03-12,BERA,-1,0.1117657421342033,0.5826,10.0
2026-03-12 19:00:00+00:00,2026-03-12,BNB,1,0.9402586161271084,647.72,10.0
2026-03-12 19:00:00+00:00,2026-03-12,BTC,1,0.94561432785569,69782.0,10.0
2026-03-12 19:00:00+00:00,2026-03-12,DYM,-1,0.1696286593193074,0.0355,10.0
2026-03-12 19:00:00+00:00,2026-03-12,TRX,1,0.9574086154265918,0.28879,10.0
2026-03-13 19:00:00+00:00,2026-03-13,BERA,-1,0.1244959756574927,0.60833,10.0
2026-03-13 19:00:00+00:00,2026-03-13,BNB,1,0.94192066832901,656.42,10.0
2026-03-13 19:00:00+00:00,2026-03-13,BTC,1,0.9372795738397568,71022.0,10.0
2026-03-13 19:00:00+00:00,2026-03-13,JTO,-1,0.1707167343917013,0.28544,10.0
2026-03-13 19:00:00+00:00,2026-03-13,MOVE,-1,0.1493626325612817,0.021384,10.0
2026-03-13 19:00:00+00:00,2026-03-13,TRX,1,0.9277004153401452,0.29063,10.0
2026-03-14 19:00:00+00:00,2026-03-14,AIXBT,-1,0.1547707678774143,0.025496,10.0
2026-03-14 19:00:00+00:00,2026-03-14,BERA,-1,0.115594638237521,0.63535,10.0
2026-03-14 19:00:00+00:00,2026-03-14,BNB,1,0.9470294851752842,652.71,10.0
2026-03-14 19:00:00+00:00,2026-03-14,BTC,1,0.9427962206680202,70626.0,10.0
2026-03-14 19:00:00+00:00,2026-03-14,TRX,1,0.950070235982498,0.29676,10.0
2026-03-14 19:00:00+00:00,2026-03-14,USUAL,-1,0.1678978391470707,0.01392,10.0
2026-03-15 19:00:00+00:00,2026-03-15,AIXBT,-1,0.1620227704859363,0.02572,10.0
2026-03-15 19:00:00+00:00,2026-03-15,BERA,-1,0.1417107843188103,0.65725,10.0
2026-03-15 19:00:00+00:00,2026-03-15,BNB,1,0.9477062546646744,657.89,10.0
2026-03-15 19:00:00+00:00,2026-03-15,BTC,1,0.9441905180706184,71340.0,10.0
2026-03-15 19:00:00+00:00,2026-03-15,TRX,1,0.9589831158696478,0.29822,10.0
2026-03-15 19:00:00+00:00,2026-03-15,USUAL,-1,0.159887435827102,0.01406,10.0
2026-03-16 19:00:00+00:00,2026-03-16,AIXBT,-1,0.1437359832817119,0.027527,10.0
2026-03-16 19:00:00+00:00,2026-03-16,BERA,-1,0.0817910443229075,0.65797,10.0
2026-03-16 19:00:00+00:00,2026-03-16,BNB,1,0.9442990498824196,676.54,10.0
2026-03-16 19:00:00+00:00,2026-03-16,BTC,1,0.935525202948277,73859.0,10.0
2026-03-16 19:00:00+00:00,2026-03-16,JUP,-1,0.1595452124363276,0.16868,10.0
2026-03-16 19:00:00+00:00,2026-03-16,TRX,1,0.9579499768550508,0.29693,10.0
2026-03-17 19:00:00+00:00,2026-03-17,AIXBT,-1,0.1565859991014041,0.0266,10.0
2026-03-17 19:00:00+00:00,2026-03-17,BERA,-1,0.0898547236999808,0.65284,10.0
2026-03-17 19:00:00+00:00,2026-03-17,BNB,1,0.932563204790426,673.2,10.0
2026-03-17 19:00:00+00:00,2026-03-17,BTC,1,0.9427472936854516,74647.0,10.0
2026-03-17 19:00:00+00:00,2026-03-17,TRX,1,0.909357456041528,0.30453,10.0
2026-03-17 19:00:00+00:00,2026-03-17,USUAL,-1,0.1759814356148086,0.01517,10.0
2026-03-18 19:00:00+00:00,2026-03-18,AIXBT,-1,0.1684592844414726,0.024542,10.0
2026-03-18 19:00:00+00:00,2026-03-18,BERA,-1,0.0845362833192578,0.5828,10.0
2026-03-18 19:00:00+00:00,2026-03-18,BIO,-1,0.150382893671966,0.020865,10.0
2026-03-18 19:00:00+00:00,2026-03-18,BNB,1,0.9210271274217098,647.46,10.0
2026-03-18 19:00:00+00:00,2026-03-18,BTC,1,0.922458456903964,71064.0,10.0
2026-03-18 19:00:00+00:00,2026-03-18,TRX,1,0.9745299833912634,0.30244,10.0
2026-03-19 19:00:00+00:00,2026-03-19,AIXBT,-1,0.1369857917221776,0.023158,10.0
2026-03-19 19:00:00+00:00,2026-03-19,BERA,-1,0.0696565136142667,0.53442,10.0
2026-03-19 19:00:00+00:00,2026-03-19,BNB,1,0.9499336936826284,637.55,10.0
2026-03-19 19:00:00+00:00,2026-03-19,BTC,1,0.9218389657239524,69786.0,10.0
2026-03-19 19:00:00+00:00,2026-03-19,MERL,-1,0.1536948071867165,0.031297,10.0
2026-03-19 19:00:00+00:00,2026-03-19,TRX,1,0.971801924671381,0.30061,10.0
2026-03-20 19:00:00+00:00,2026-03-20,AIXBT,-1,0.1342187515863234,0.024453,10.0
2026-03-20 19:00:00+00:00,2026-03-20,BERA,-1,0.1065583811519963,0.54576,10.0
2026-03-20 19:00:00+00:00,2026-03-20,BIO,-1,0.1173315511817998,0.019831,10.0
2026-03-20 19:00:00+00:00,2026-03-20,BNB,1,0.9436520680182212,637.88,10.0
2026-03-20 19:00:00+00:00,2026-03-20,BTC,1,0.9188586154383462,69744.0,10.0
2026-03-20 19:00:00+00:00,2026-03-20,TRX,1,0.9719689508830224,0.30875,10.0
2026-03-21 19:00:00+00:00,2026-03-21,AIXBT,-1,0.0615631497354532,0.025712,10.0
2026-03-21 19:00:00+00:00,2026-03-21,BERA,-1,0.0646342109007517,0.55232,10.0
2026-03-21 19:00:00+00:00,2026-03-21,BIO,-1,0.1059261911897106,0.020067,10.0
2026-03-21 19:00:00+00:00,2026-03-21,BNB,1,0.9465209621200934,641.35,10.0
2026-03-21 19:00:00+00:00,2026-03-21,BTC,1,0.9317044859761692,70362.0,10.0
2026-03-21 19:00:00+00:00,2026-03-21,TRX,1,0.9842292127868444,0.31055,10.0
2026-03-22 19:00:00+00:00,2026-03-22,AIXBT,-1,0.0980560241520545,0.02421,10.0
2026-03-22 19:00:00+00:00,2026-03-22,BERA,-1,0.0907005418164514,0.52593,10.0
2026-03-22 19:00:00+00:00,2026-03-22,BIO,-1,0.0940074612172867,0.018555,10.0
2026-03-22 19:00:00+00:00,2026-03-22,BNB,1,0.9487535610288754,629.14,10.0
2026-03-22 19:00:00+00:00,2026-03-22,BTC,1,0.9242151505616606,68585.0,10.0
2026-03-22 19:00:00+00:00,2026-03-22,TRX,1,0.9799697897794032,0.3178,10.0
2026-03-23 19:00:00+00:00,2026-03-23,AIXBT,-1,0.1272330457068879,0.025017,10.0
2026-03-23 19:00:00+00:00,2026-03-23,BNB,1,0.9520481509517984,639.72,10.0
2026-03-23 19:00:00+00:00,2026-03-23,BTC,1,0.9048213476977598,71027.0,10.0
2026-03-23 19:00:00+00:00,2026-03-23,TRX,1,0.9597100398228242,0.30381,10.0
2026-03-23 19:00:00+00:00,2026-03-23,USUAL,-1,0.1170068171945314,0.01356,10.0
2026-03-23 19:00:00+00:00,2026-03-23,XAI,-1,0.1105237596494479,0.01027,10.0
2026-03-24 19:00:00+00:00,2026-03-24,AIXBT,-1,0.1112711470645543,0.024369,10.0
2026-03-24 19:00:00+00:00,2026-03-24,BIO,-1,0.1384479515919751,0.017866,10.0
2026-03-24 19:00:00+00:00,2026-03-24,BNB,1,0.946682167750422,630.3,10.0
2026-03-24 19:00:00+00:00,2026-03-24,BTC,1,0.904171252463126,69405.0,10.0
2026-03-24 19:00:00+00:00,2026-03-24,TRX,1,0.931115691421318,0.31025,10.0
2026-03-24 19:00:00+00:00,2026-03-24,USUAL,-1,0.1378516375262631,0.01329,10.0
2026-03-25 19:00:00+00:00,2026-03-25,AIXBT,-1,0.1021435306047014,0.026673,10.0
2026-03-25 19:00:00+00:00,2026-03-25,BNB,1,0.9389586507599532,645.19,10.0
2026-03-25 19:00:00+00:00,2026-03-25,TON,1,0.9084917418535486,1.329,10.0
2026-03-25 19:00:00+00:00,2026-03-25,TRX,1,0.9456806481750578,0.3139,10.0
2026-03-25 19:00:00+00:00,2026-03-25,USUAL,-1,0.1375895242190775,0.01341,10.0
2026-03-25 19:00:00+00:00,2026-03-25,XAI,-1,0.1313256467307739,0.01014,10.0
2026-03-26 19:00:00+00:00,2026-03-26,AIXBT,-1,0.0703592942957338,0.024055,10.0
2026-03-26 19:00:00+00:00,2026-03-26,BIO,-1,0.1202987619342566,0.017137,10.0
2026-03-26 19:00:00+00:00,2026-03-26,BNB,1,0.956835630352854,625.28,10.0
2026-03-26 19:00:00+00:00,2026-03-26,BTC,1,0.902038847823647,68476.0,10.0
2026-03-26 19:00:00+00:00,2026-03-26,TRX,1,0.9714325470644772,0.31041,10.0
2026-03-26 19:00:00+00:00,2026-03-26,USUAL,-1,0.1400743479737668,0.01257,10.0
2026-03-27 19:00:00+00:00,2026-03-27,BIO,-1,0.1214257855460282,0.016411,10.0
2026-03-27 19:00:00+00:00,2026-03-27,BNB,1,0.9556952377493344,608.93,10.0
2026-03-27 19:00:00+00:00,2026-03-27,BTC,1,0.9097899161843718,65826.0,10.0
2026-03-27 19:00:00+00:00,2026-03-27,TRX,1,0.9608272937708088,0.30936,10.0
2026-03-27 19:00:00+00:00,2026-03-27,USUAL,-1,0.1442074649579934,0.01222,10.0
2026-03-27 19:00:00+00:00,2026-03-27,XAI,-1,0.1410043258653538,0.00935,10.0
2026-03-28 19:00:00+00:00,2026-03-28,AIXBT,-1,0.1261973019980472,0.024575,10.0
2026-03-28 19:00:00+00:00,2026-03-28,BERA,-1,0.1465735321804684,0.44975,10.0
2026-03-28 19:00:00+00:00,2026-03-28,BIO,-1,0.1363283911557515,0.01669,10.0
2026-03-28 19:00:00+00:00,2026-03-28,BNB,1,0.9291297142480588,616.4,10.0
2026-03-28 19:00:00+00:00,2026-03-28,BTC,1,0.8808878950230361,66895.0,10.0
2026-03-28 19:00:00+00:00,2026-03-28,TRX,1,0.9276408846015022,0.31807,10.0
2026-03-29 19:00:00+00:00,2026-03-29,AIXBT,-1,0.118282945962182,0.023012,10.0
2026-03-29 19:00:00+00:00,2026-03-29,BNB,1,0.9267672243103472,609.32,10.0
2026-03-29 19:00:00+00:00,2026-03-29,IP,-1,0.1446541522071087,0.52807,10.0
2026-03-29 19:00:00+00:00,2026-03-29,TON,1,0.9098445937045532,1.2207,10.0
2026-03-29 19:00:00+00:00,2026-03-29,TRX,1,0.909052556836695,0.31933,10.0
2026-03-29 19:00:00+00:00,2026-03-29,USUAL,-1,0.1292294964468071,0.01211,10.0
2026-03-30 19:00:00+00:00,2026-03-30,AIXBT,-1,0.139867458054204,0.023104,10.0
2026-03-30 19:00:00+00:00,2026-03-30,BNB,1,0.932129862446616,610.64,10.0
2026-03-30 19:00:00+00:00,2026-03-30,GRASS,-1,0.1270234922143465,0.27729,10.0
2026-03-30 19:00:00+00:00,2026-03-30,IP,-1,0.1484894887023958,0.51857,10.0
2026-03-30 19:00:00+00:00,2026-03-30,LTC,1,0.8949378985369139,53.345,10.0
2026-03-30 19:00:00+00:00,2026-03-30,TON,1,0.9068053279994924,1.2048,10.0
2026-03-31 19:00:00+00:00,2026-03-31,BNB,1,0.9526118329399276,615.98,10.0
2026-03-31 19:00:00+00:00,2026-03-31,BTC,1,0.9128789043654438,67797.0,10.0
2026-03-31 19:00:00+00:00,2026-03-31,GRASS,-1,0.1197930508770073,0.28082,10.0
2026-03-31 19:00:00+00:00,2026-03-31,REZ,-1,0.1271263028351694,0.003302,10.0
2026-03-31 19:00:00+00:00,2026-03-31,TON,1,0.932722600744664,1.2246,10.0
2026-03-31 19:00:00+00:00,2026-03-31,XAI,-1,0.1282836521076566,0.00917,10.0
2026-04-01 19:00:00+00:00,2026-04-01,BNB,1,0.9568945079649424,613.1,10.0
2026-04-01 19:00:00+00:00,2026-04-01,BTC,1,0.9352843094712175,68039.0,10.0
2026-04-01 19:00:00+00:00,2026-04-01,IP,-1,0.1343539431842698,0.51398,10.0
2026-04-01 19:00:00+00:00,2026-04-01,TRX,1,0.9238607721088103,0.3159,10.0
2026-04-01 19:00:00+00:00,2026-04-01,XAI,-1,0.1187027525131709,0.00919,10.0
2026-04-01 19:00:00+00:00,2026-04-01,ZORA,-1,0.1303507912339284,0.014115,10.0
2026-04-02 19:00:00+00:00,2026-04-02,BNB,1,0.9367244155284102,581.7,10.0
2026-04-02 19:00:00+00:00,2026-04-02,DYM,-1,0.1280618241335223,0.02218,10.0
2026-04-02 19:00:00+00:00,2026-04-02,GRASS,-1,0.0819298122798099,0.28041,10.0
2026-04-02 19:00:00+00:00,2026-04-02,TON,1,0.9341439106270304,1.2272,10.0
2026-04-02 19:00:00+00:00,2026-04-02,TRX,1,0.9686966971977106,0.31481,10.0
2026-04-02 19:00:00+00:00,2026-04-02,XAI,-1,0.10909408745154,0.00893,10.0
2026-04-03 19:00:00+00:00,2026-04-03,BNB,1,0.9441108879716824,587.58,10.0
2026-04-03 19:00:00+00:00,2026-04-03,GRASS,-1,0.1078414035693777,0.28049,10.0
2026-04-03 19:00:00+00:00,2026-04-03,REZ,-1,0.1291731964136839,0.003367,10.0
2026-04-03 19:00:00+00:00,2026-04-03,TON,1,0.931406088572728,1.245,10.0
2026-04-03 19:00:00+00:00,2026-04-03,TRX,1,0.9677579732669722,0.31441,10.0
2026-04-03 19:00:00+00:00,2026-04-03,XAI,-1,0.120616510945881,0.00919,10.0
2026-04-04 19:00:00+00:00,2026-04-04,BERA,-1,0.119966496543571,0.39682,10.0
2026-04-04 19:00:00+00:00,2026-04-04,BNB,1,0.9290885440962448,593.03,10.0
2026-04-04 19:00:00+00:00,2026-04-04,GRASS,-1,0.1097451519308572,0.28184,10.0
2026-04-04 19:00:00+00:00,2026-04-04,IP,-1,0.1102073540818632,0.49835,10.0
2026-04-04 19:00:00+00:00,2026-04-04,TON,1,0.921413555724698,1.2333,10.0
2026-04-04 19:00:00+00:00,2026-04-04,TRX,1,0.9615602941960272,0.31738,10.0
2026-04-05 19:00:00+00:00,2026-04-05,BNB,1,0.9402107474727796,591.91,10.0
2026-04-05 19:00:00+00:00,2026-04-05,GRASS,-1,0.0947133376210656,0.27741,10.0
2026-04-05 19:00:00+00:00,2026-04-05,IP,-1,0.1032958957048092,0.4863,10.0
2026-04-05 19:00:00+00:00,2026-04-05,JTO,-1,0.0951883375273006,0.2732,10.0
2026-04-05 19:00:00+00:00,2026-04-05,TON,1,0.9193345138811552,1.2422,10.0
2026-04-05 19:00:00+00:00,2026-04-05,TRX,1,0.9652044845928972,0.31927,10.0
2026-04-06 19:00:00+00:00,2026-04-06,BERA,-1,0.0931957925050171,0.39961,10.0
2026-04-06 19:00:00+00:00,2026-04-06,BNB,1,0.9409435319414368,606.72,10.0
2026-04-06 19:00:00+00:00,2026-04-06,GRASS,-1,0.0659162479908144,0.30674,10.0
2026-04-06 19:00:00+00:00,2026-04-06,JTO,-1,0.0732166073024682,0.27123,10.0
2026-04-06 19:00:00+00:00,2026-04-06,TON,1,0.9483207529200772,1.2424,10.0
2026-04-06 19:00:00+00:00,2026-04-06,TRX,1,0.9633376268834234,0.31567,10.0
2026-04-07 19:00:00+00:00,2026-04-07,BERA,-1,0.1085931535191072,0.41108,10.0
2026-04-07 19:00:00+00:00,2026-04-07,BNB,1,0.9377425972877236,603.01,10.0
2026-04-07 19:00:00+00:00,2026-04-07,GRASS,-1,0.0879812175837431,0.29442,10.0
2026-04-07 19:00:00+00:00,2026-04-07,JTO,-1,0.1124812274648548,0.26427,10.0
2026-04-07 19:00:00+00:00,2026-04-07,TON,1,0.9442774048514968,1.2194,10.0
2026-04-07 19:00:00+00:00,2026-04-07,TRX,1,0.962274709216682,0.31371,10.0
2026-04-08 19:00:00+00:00,2026-04-08,BNB,1,0.9355817019707784,602.81,10.0
2026-04-08 19:00:00+00:00,2026-04-08,GRASS,-1,0.0828742490905145,0.29566,10.0
2026-04-08 19:00:00+00:00,2026-04-08,IP,-1,0.1225601225774018,0.50062,10.0
2026-04-08 19:00:00+00:00,2026-04-08,JTO,-1,0.0852299735044436,0.27562,10.0
2026-04-08 19:00:00+00:00,2026-04-08,TON,1,0.9229971795620664,1.2476,10.0
2026-04-08 19:00:00+00:00,2026-04-08,TRX,1,0.9502754415769392,0.31752,10.0
2026-04-09 19:00:00+00:00,2026-04-09,BERA,-1,0.1113478198372435,0.42523,10.0
2026-04-09 19:00:00+00:00,2026-04-09,BNB,1,0.9174188129337436,606.33,10.0
2026-04-09 19:00:00+00:00,2026-04-09,BTC,1,0.9124326401159888,71855.0,10.0
2026-04-09 19:00:00+00:00,2026-04-09,GRASS,-1,0.1002619461278557,0.31379,10.0
2026-04-09 19:00:00+00:00,2026-04-09,JTO,-1,0.096029883247962,0.28856,10.0
2026-04-09 19:00:00+00:00,2026-04-09,TRX,1,0.9619055497358632,0.31925,10.0
2026-04-10 19:00:00+00:00,2026-04-10,BERA,-1,0.1085749425746453,0.41973,10.0
2026-04-10 19:00:00+00:00,2026-04-10,BNB,1,0.9249235749473376,609.0,10.0
2026-04-10 19:00:00+00:00,2026-04-10,GRASS,-1,0.1002489630443553,0.35135,10.0
2026-04-10 19:00:00+00:00,2026-04-10,JTO,-1,0.0729824249994382,0.30218,10.0
2026-04-10 19:00:00+00:00,2026-04-10,TON,1,0.9315622251661446,1.2868,10.0
2026-04-10 19:00:00+00:00,2026-04-10,TRX,1,0.9673508488672788,0.31712,10.0
2026-04-11 19:00:00+00:00,2026-04-11,BNB,1,0.9321324370479488,610.82,10.0
2026-04-11 19:00:00+00:00,2026-04-11,IP,-1,0.120160095882097,0.50617,10.0
2026-04-11 19:00:00+00:00,2026-04-11,JTO,-1,0.0876356456392355,0.30314,10.0
2026-04-11 19:00:00+00:00,2026-04-11,SUPER,-1,0.0802543525757547,0.11507,10.0
2026-04-11 19:00:00+00:00,2026-04-11,TON,1,0.9343661994758656,1.5019,10.0
2026-04-11 19:00:00+00:00,2026-04-11,TRX,1,0.961843499019546,0.31967,10.0
2026-04-12 19:00:00+00:00,2026-04-12,BERA,-1,0.1101508709698143,0.40246,10.0
2026-04-12 19:00:00+00:00,2026-04-12,BNB,1,0.9371905153067068,592.13,10.0
2026-04-12 19:00:00+00:00,2026-04-12,BTC,1,0.9064637563990798,71099.0,10.0
2026-04-12 19:00:00+00:00,2026-04-12,GRASS,-1,0.1044693516773064,0.33446,10.0
2026-04-12 19:00:00+00:00,2026-04-12,SUPER,-1,0.0970625035507168,0.11109,10.0
2026-04-12 19:00:00+00:00,2026-04-12,TRX,1,0.9483499502105036,0.32234,10.0
2026-04-13 19:00:00+00:00,2026-04-13,BNB,1,0.933968165067458,604.63,10.0
2026-04-13 19:00:00+00:00,2026-04-13,BTC,1,0.9297577570461152,72390.0,10.0
2026-04-13 19:00:00+00:00,2026-04-13,IP,-1,0.1126276309056155,0.47637,10.0
2026-04-13 19:00:00+00:00,2026-04-13,JTO,-1,0.1118516441500963,0.32083,10.0
2026-04-13 19:00:00+00:00,2026-04-13,SUPER,-1,0.0930486164610014,0.10996,10.0
2026-04-13 19:00:00+00:00,2026-04-13,TRX,1,0.941263066797806,0.3191,10.0
2026-04-14 19:00:00+00:00,2026-04-14,BNB,1,0.9311352149823784,613.91,10.0
2026-04-14 19:00:00+00:00,2026-04-14,BTC,1,0.9297602912625011,74043.0,10.0
2026-04-14 19:00:00+00:00,2026-04-14,GRASS,-1,0.1309345096915111,0.32472,10.0
2026-04-14 19:00:00+00:00,2026-04-14,JTO,-1,0.0812837154288431,0.30701,10.0
2026-04-14 19:00:00+00:00,2026-04-14,SUPER,-1,0.1199605874839377,0.11505,10.0
2026-04-14 19:00:00+00:00,2026-04-14,TRX,1,0.9399391548201296,0.3233,10.0
2026-04-15 19:00:00+00:00,2026-04-15,BNB,1,0.9101358574283336,622.57,10.0
2026-04-15 19:00:00+00:00,2026-04-15,BTC,1,0.9158408776479754,74348.0,10.0
2026-04-15 19:00:00+00:00,2026-04-15,IP,-1,0.1108470256959416,0.50111,10.0
2026-04-15 19:00:00+00:00,2026-04-15,JTO,-1,0.096866590157679,0.31299,10.0
2026-04-15 19:00:00+00:00,2026-04-15,SUPER,-1,0.103084962811461,0.12011,10.0
2026-04-15 19:00:00+00:00,2026-04-15,TRX,1,0.9520879199237792,0.32831,10.0
2026-04-16 19:00:00+00:00,2026-04-16,BNB,1,0.9078582510187924,636.29,10.0
2026-04-16 19:00:00+00:00,2026-04-16,BTC,1,0.9402853736931353,75011.0,10.0
2026-04-16 19:00:00+00:00,2026-04-16,JTO,-1,0.1230717607340936,0.33972,10.0
2026-04-16 19:00:00+00:00,2026-04-16,NIL,-1,0.0940089383184802,0.040106,10.0
2026-04-16 19:00:00+00:00,2026-04-16,SUPER,-1,0.095742850220198,0.12179,10.0
2026-04-16 19:00:00+00:00,2026-04-16,TRX,1,0.956624957372236,0.32594,10.0
2026-04-17 19:00:00+00:00,2026-04-17,BNB,1,0.910806265687773,639.96,10.0
2026-04-17 19:00:00+00:00,2026-04-17,BTC,1,0.9329365014694444,77116.0,10.0
2026-04-17 19:00:00+00:00,2026-04-17,IP,-1,0.1186697268454142,0.61338,10.0
2026-04-17 19:00:00+00:00,2026-04-17,NIL,-1,0.1245733146130649,0.041431,10.0
2026-04-17 19:00:00+00:00,2026-04-17,SUPER,-1,0.1078150216338654,0.12718,10.0
2026-04-17 19:00:00+00:00,2026-04-17,TRX,1,0.9455021255528608,0.3269,10.0
2026-04-18 19:00:00+00:00,2026-04-18,BTC,1,0.9422377427228024,75601.0,10.0
2026-04-18 19:00:00+00:00,2026-04-18,ETH,1,0.9155405058999694,2345.6,10.0
2026-04-18 19:00:00+00:00,2026-04-18,IP,-1,0.0827318582206647,0.54327,10.0
2026-04-18 19:00:00+00:00,2026-04-18,NIL,-1,0.1204533968185092,0.03845,10.0
2026-04-18 19:00:00+00:00,2026-04-18,SUPER,-1,0.1209313485186955,0.11865,10.0
2026-04-18 19:00:00+00:00,2026-04-18,TRX,1,0.9536421076604996,0.32937,10.0
2026-04-19 19:00:00+00:00,2026-04-19,IP,-1,0.0885909139021699,0.5067,10.0
2026-04-19 19:00:00+00:00,2026-04-19,JTO,-1,0.1288230527518218,0.31194,10.0
2026-04-19 19:00:00+00:00,2026-04-19,LTC,1,0.8934444855820926,54.627,10.0
2026-04-19 19:00:00+00:00,2026-04-19,MERL,-1,0.1131446671198448,0.037125,10.0
2026-04-19 19:00:00+00:00,2026-04-19,TRX,1,0.9626613397359772,0.33258,10.0
2026-04-19 19:00:00+00:00,2026-04-19,XRP,1,0.8841825626265407,1.4157,10.0
2026-04-20 19:00:00+00:00,2026-04-20,BNB,1,0.9057895448251356,631.0,10.0
2026-04-20 19:00:00+00:00,2026-04-20,IP,-1,0.1054272441689222,0.5125,10.0
2026-04-20 19:00:00+00:00,2026-04-20,NIL,-1,0.150827990755346,0.03908,10.0
2026-04-20 19:00:00+00:00,2026-04-20,PROVE,-1,0.1468261331359,0.24042,10.0
2026-04-20 19:00:00+00:00,2026-04-20,TRX,1,0.9330095426279033,0.32767,10.0
2026-04-20 19:00:00+00:00,2026-04-20,XRP,1,0.90652061972914,1.4316,10.0
2026-04-21 19:00:00+00:00,2026-04-21,BERA,-1,0.1394835039870377,0.397,10.0
2026-04-21 19:00:00+00:00,2026-04-21,BNB,1,0.9129083032079228,630.19,10.0
2026-04-21 19:00:00+00:00,2026-04-21,BTC,1,0.933024409188562,75570.0,10.0
2026-04-21 19:00:00+00:00,2026-04-21,IP,-1,0.1097669604575215,0.51085,10.0
2026-04-21 19:00:00+00:00,2026-04-21,SAGA,-1,0.1484749552461186,0.01832,10.0
2026-04-21 19:00:00+00:00,2026-04-21,TRX,1,0.9396595997821386,0.33297,10.0
2026-04-22 19:00:00+00:00,2026-04-22,BNB,1,0.9164513271843348,645.07,10.0
2026-04-22 19:00:00+00:00,2026-04-22,BTC,1,0.9349249936864876,78984.0,10.0
2026-04-22 19:00:00+00:00,2026-04-22,IP,-1,0.1055033654541951,0.54867,10.0
2026-04-22 19:00:00+00:00,2026-04-22,NIL,-1,0.1399770935770859,0.042288,10.0
2026-04-22 19:00:00+00:00,2026-04-22,SUPER,-1,0.1265658975146376,0.12864,10.0
2026-04-22 19:00:00+00:00,2026-04-22,TRX,1,0.948529828494665,0.32873,10.0
2026-04-23 19:00:00+00:00,2026-04-23,AVNT,-1,0.1489655201770383,0.14228,10.0
2026-04-23 19:00:00+00:00,2026-04-23,BNB,1,0.9213954103006218,633.84,10.0
2026-04-23 19:00:00+00:00,2026-04-23,BTC,1,0.9403313236001948,77645.0,10.0
2026-04-23 19:00:00+00:00,2026-04-23,IP,-1,0.1114879193061096,0.511,10.0
2026-04-23 19:00:00+00:00,2026-04-23,SAGA,-1,0.1433488265321561,0.01717,10.0
2026-04-23 19:00:00+00:00,2026-04-23,TRX,1,0.9377799975076466,0.3285,10.0
2026-04-24 19:00:00+00:00,2026-04-24,BNB,1,0.939753122440363,637.61,10.0
2026-04-24 19:00:00+00:00,2026-04-24,BTC,1,0.9249008202584106,77585.0,10.0
2026-04-24 19:00:00+00:00,2026-04-24,IP,-1,0.1324168227385772,0.52517,10.0
2026-04-24 19:00:00+00:00,2026-04-24,TRX,1,0.9487772583001176,0.32409,10.0
2026-04-24 19:00:00+00:00,2026-04-24,XPL,-1,0.1595961973684118,0.099948,10.0
2026-04-24 19:00:00+00:00,2026-04-24,ZRO,-1,0.160168252768851,1.5899,10.0
2026-04-25 19:00:00+00:00,2026-04-25,BNB,1,0.9237186736365962,628.5,10.0
2026-04-25 19:00:00+00:00,2026-04-25,BTC,1,0.9286578086015288,77260.0,10.0
2026-04-25 19:00:00+00:00,2026-04-25,IP,-1,0.1280854700111697,0.53192,10.0
2026-04-25 19:00:00+00:00,2026-04-25,TRX,1,0.9379040707138748,0.32383,10.0
2026-04-25 19:00:00+00:00,2026-04-25,XPL,-1,0.1337252791183765,0.098794,10.0
2026-04-25 19:00:00+00:00,2026-04-25,ZRO,-1,0.1524764480556658,1.5467,10.0
2026-04-26 19:00:00+00:00,2026-04-26,BNB,1,0.9269385694594864,633.65,10.0
2026-04-26 19:00:00+00:00,2026-04-26,BTC,1,0.929566125382467,78238.0,10.0
2026-04-26 19:00:00+00:00,2026-04-26,IP,-1,0.1141295209581755,0.54391,10.0
2026-04-26 19:00:00+00:00,2026-04-26,TRX,1,0.9425516476034644,0.32386,10.0
2026-04-26 19:00:00+00:00,2026-04-26,XPL,-1,0.129842828247299,0.10076,10.0
2026-04-26 19:00:00+00:00,2026-04-26,ZRO,-1,0.1380831148783818,1.571,10.0
2026-04-27 19:00:00+00:00,2026-04-27,AVNT,-1,0.1354293320242959,0.15442,10.0
2026-04-27 19:00:00+00:00,2026-04-27,BIO,-1,0.1437831031304444,0.028554,10.0
2026-04-27 19:00:00+00:00,2026-04-27,BNB,1,0.9395148039639726,623.28,10.0
2026-04-27 19:00:00+00:00,2026-04-27,BTC,1,0.919807577851712,76797.0,10.0
2026-04-27 19:00:00+00:00,2026-04-27,TRX,1,0.9086238707907022,0.3256,10.0
2026-04-27 19:00:00+00:00,2026-04-27,ZRO,-1,0.1739495371613959,1.4505,10.0
2026-04-28 19:00:00+00:00,2026-04-28,BIO,-1,0.1254598844852701,0.03289,10.0
2026-04-28 19:00:00+00:00,2026-04-28,BNB,1,0.9236180003066744,623.26,10.0
2026-04-28 19:00:00+00:00,2026-04-28,BTC,1,0.9146135079556744,76198.0,10.0
2026-04-28 19:00:00+00:00,2026-04-28,ORDI,-1,0.1547775343735731,4.4697,10.0
2026-04-28 19:00:00+00:00,2026-04-28,TRX,1,0.9432328354499032,0.32337,10.0
2026-04-28 19:00:00+00:00,2026-04-28,ZRO,-1,0.1452187556897005,1.4492,10.0
2026-04-29 19:00:00+00:00,2026-04-29,AVNT,-1,0.1537987000720906,0.14597,10.0
2026-04-29 19:00:00+00:00,2026-04-29,BNB,1,0.9186927421470223,613.4,10.0
2026-04-29 19:00:00+00:00,2026-04-29,BTC,1,0.8938072950293526,75478.0,10.0
2026-04-29 19:00:00+00:00,2026-04-29,ORDI,-1,0.1168621640814132,4.2394,10.0
2026-04-29 19:00:00+00:00,2026-04-29,TRX,1,0.9423796594093484,0.32318,10.0
2026-04-29 19:00:00+00:00,2026-04-29,ZRO,-1,0.1583032029072004,1.4274,10.0
2026-04-30 19:00:00+00:00,2026-04-30,APE,-1,0.1465520166728502,0.15876,10.0
2026-04-30 19:00:00+00:00,2026-04-30,BIO,-1,0.1254096129157728,0.043065,10.0
2026-04-30 19:00:00+00:00,2026-04-30,BNB,1,0.9144923707034132,617.26,10.0
2026-04-30 19:00:00+00:00,2026-04-30,BTC,1,0.8958936719207046,76311.0,10.0
2026-04-30 19:00:00+00:00,2026-04-30,ORDI,-1,0.142307021571391,4.3966,10.0
2026-04-30 19:00:00+00:00,2026-04-30,TRX,1,0.9404219057123148,0.32636,10.0
2026-05-01 19:00:00+00:00,2026-05-01,APE,-1,0.1674322284980024,0.17584,10.0
2026-05-01 19:00:00+00:00,2026-05-01,BIO,-1,0.15087718258053,0.042048,10.0
2026-05-01 19:00:00+00:00,2026-05-01,BNB,1,0.91410746194988,619.17,10.0
2026-05-01 19:00:00+00:00,2026-05-01,BTC,1,0.889968498921015,78383.0,10.0
2026-05-01 19:00:00+00:00,2026-05-01,ORDI,-1,0.1180947055094672,4.4611,10.0
2026-05-01 19:00:00+00:00,2026-05-01,TRX,1,0.9279360066443084,0.32662,10.0
2026-05-02 19:00:00+00:00,2026-05-02,BNB,1,0.8965009661211428,618.44,10.0
2026-05-02 19:00:00+00:00,2026-05-02,BOME,-1,0.1565617358687516,0.000568,10.0
2026-05-02 19:00:00+00:00,2026-05-02,BTC,1,0.8886010433214406,78432.0,10.0
2026-05-02 19:00:00+00:00,2026-05-02,ORDI,-1,0.1263597771739317,5.819,10.0
2026-05-02 19:00:00+00:00,2026-05-02,RESOLV,-1,0.1563644203393745,0.029515,10.0
2026-05-02 19:00:00+00:00,2026-05-02,TRX,1,0.9160845108355726,0.33107,10.0
2026-05-03 19:00:00+00:00,2026-05-03,BIO,-1,0.1191600797629401,0.062397,10.0
2026-05-03 19:00:00+00:00,2026-05-03,BNB,1,0.8991898323719929,619.23,10.0
2026-05-03 19:00:00+00:00,2026-05-03,BTC,1,0.8799670097613199,78707.0,10.0
2026-05-03 19:00:00+00:00,2026-05-03,ORDI,-1,0.1144555527265001,5.3631,10.0
2026-05-03 19:00:00+00:00,2026-05-03,RESOLV,-1,0.1656574295615892,0.028218,10.0
2026-05-03 19:00:00+00:00,2026-05-03,TRX,1,0.9202718402943312,0.33898,10.0
2026-05-04 19:00:00+00:00,2026-05-04,APE,-1,0.1385577758949635,0.16313,10.0
2026-05-04 19:00:00+00:00,2026-05-04,BIO,-1,0.1087569304168011,0.058106,10.0
2026-05-04 19:00:00+00:00,2026-05-04,BNB,1,0.8955873434908194,625.45,10.0
2026-05-04 19:00:00+00:00,2026-05-04,BTC,1,0.8712447555577214,80064.0,10.0
2026-05-04 19:00:00+00:00,2026-05-04,ORDI,-1,0.1195723248084146,5.1734,10.0
2026-05-04 19:00:00+00:00,2026-05-04,TRX,1,0.9153480112745976,0.33995,10.0
2026-05-05 19:00:00+00:00,2026-05-05,APE,-1,0.1646997678892545,0.16362,10.0
2026-05-05 19:00:00+00:00,2026-05-05,BIO,-1,0.0894919390150667,0.053698,10.0
2026-05-05 19:00:00+00:00,2026-05-05,BNB,1,0.901403872895582,630.32,10.0
2026-05-05 19:00:00+00:00,2026-05-05,BTC,1,0.8711530563362185,81474.0,10.0
2026-05-05 19:00:00+00:00,2026-05-05,ORDI,-1,0.0943405403657626,5.1736,10.0
2026-05-05 19:00:00+00:00,2026-05-05,TRX,1,0.8970288315691735,0.34539,10.0
2026-05-06 19:00:00+00:00,2026-05-06,BIO,-1,0.0866384648929036,0.047793,10.0
2026-05-06 19:00:00+00:00,2026-05-06,BNB,1,0.9056314890401896,649.72,10.0
2026-05-06 19:00:00+00:00,2026-05-06,BOME,-1,0.1663343222252405,0.000583,10.0
2026-05-06 19:00:00+00:00,2026-05-06,LTC,1,0.8864938645119486,56.81,10.0
2026-05-06 19:00:00+00:00,2026-05-06,ORDI,-1,0.1125478403777338,5.3529,10.0
2026-05-06 19:00:00+00:00,2026-05-06,TRX,1,0.9137656915353496,0.3468,10.0
2026-05-07 19:00:00+00:00,2026-05-07,BIO,-1,0.100972722911963,0.046062,10.0
2026-05-07 19:00:00+00:00,2026-05-07,BNB,1,0.8986953364905901,643.45,10.0
2026-05-07 19:00:00+00:00,2026-05-07,BOME,-1,0.1462299495326439,0.000594,10.0
2026-05-07 19:00:00+00:00,2026-05-07,BTC,1,0.8760273711056844,80178.0,10.0
2026-05-07 19:00:00+00:00,2026-05-07,ORDI,-1,0.129050336324774,5.164,10.0
2026-05-07 19:00:00+00:00,2026-05-07,TRX,1,0.9225104250137796,0.34952,10.0
