signal_date,symbol,side,prediction,reason
2025-06-05,APT,1,1.0,no_price_inside_entry_window
2025-06-05,CHILLGUY,1,0.9842209072978304,no_price_inside_entry_window
2025-06-05,ETH,1,0.9822485207100592,no_price_inside_entry_window
2025-06-05,OM,-1,0.0059171597633136,no_price_inside_entry_window
2025-06-05,BERA,-1,0.0177514792899408,no_price_inside_entry_window
2025-06-05,USUAL,-1,0.0236686390532544,no_price_inside_entry_window
2025-06-06,APT,1,1.0,no_price_inside_entry_window
2025-06-06,PROMPT,1,0.9842209072978304,no_price_inside_entry_window
2025-06-06,GMX,1,0.980276134122288,no_price_inside_entry_window
2025-06-06,OM,-1,0.0118343195266272,no_price_inside_entry_window
2025-06-06,LDO,-1,0.0177514792899408,no_price_inside_entry_window
2025-06-07,BTC,1,0.9784154613253162,no_price_inside_entry_window
2025-06-07,ADA,1,0.9743914554997506,no_price_inside_entry_window
2025-06-07,BNB,1,0.9568919438817514,no_price_inside_entry_window
2025-06-07,MAVIA,-1,0.0184543790961008,no_price_inside_entry_window
2025-06-07,OM,-1,0.0186984640205767,no_price_inside_entry_window
2025-06-08,VVV,1,0.9960552268244576,no_price_inside_entry_window
2025-06-08,RENDER,1,0.980276134122288,no_price_inside_entry_window
2025-06-08,GMX,1,0.980276134122288,no_price_inside_entry_window
2025-06-08,PROMPT,-1,0.0059171597633136,no_price_inside_entry_window
2025-06-08,MAVIA,-1,0.0118343195266272,no_price_inside_entry_window
2025-06-09,APT,1,0.9960552268244576,no_price_inside_entry_window
2025-06-09,AVAX,1,0.9763313609467456,no_price_inside_entry_window
2025-06-09,INJ,1,0.9743589743589745,no_price_inside_entry_window
2025-06-09,OM,-1,0.009861932938856,no_price_inside_entry_window
2025-06-09,PROMPT,-1,0.0177514792899408,no_price_inside_entry_window
2025-06-10,APT,1,0.9950138421788794,no_price_inside_entry_window
2025-06-10,GMX,1,0.9448577373350292,no_price_inside_entry_window
2025-06-10,AVAX,1,0.9038177630522648,no_price_inside_entry_window
2025-06-10,OM,-1,0.0429001449387947,no_price_inside_entry_window
2025-06-10,MAVIA,-1,0.0518414873204741,no_price_inside_entry_window
2025-06-10,MOODENG,-1,0.0589190997429397,no_price_inside_entry_window
2025-06-11,AAVE,1,0.9752198422363711,no_price_inside_entry_window
2025-06-11,GMX,1,0.9722046821654136,no_price_inside_entry_window
2025-06-11,ARB,1,0.9689632013372538,no_price_inside_entry_window
2025-06-11,OM,-1,0.0059171597633136,no_price_inside_entry_window
2025-06-11,STRK,-1,0.0206534789822969,no_price_inside_entry_window
2025-06-12,ETH,1,0.9598698487801688,no_price_inside_entry_window
2025-06-12,MANTA,1,0.9408075411116628,no_price_inside_entry_window
2025-06-12,OM,-1,0.0059171597633136,no_price_inside_entry_window
2025-06-12,XAI,-1,0.0291967225540387,no_price_inside_entry_window
2025-06-13,APT,1,1.0,no_price_inside_entry_window
2025-06-13,KAITO,1,0.9556429077982788,no_price_inside_entry_window
2025-06-13,OM,-1,0.0067128694997931,no_price_inside_entry_window
2025-06-13,VIRTUAL,-1,0.0153643500805023,no_price_inside_entry_window
2025-06-14,APT,1,0.9435039680589928,no_price_inside_entry_window
2025-06-14,BCH,1,0.936571504706452,no_price_inside_entry_window
2025-06-14,POLYX,1,0.93446109873031,no_price_inside_entry_window
2025-06-14,MOODENG,-1,0.0153740872571094,no_price_inside_entry_window
2025-06-14,UMA,-1,0.065717160980722,no_price_inside_entry_window
2025-06-15,TRX,1,0.9416333067911856,no_price_inside_entry_window
2025-06-15,kLUNC,1,0.9225989484342452,no_price_inside_entry_window
2025-06-15,HMSTR,-1,0.0551254567686663,no_price_inside_entry_window
2025-06-15,UMA,-1,0.0558786466033706,no_price_inside_entry_window
2025-06-15,SPX,-1,0.0727253870741188,no_price_inside_entry_window
2025-06-16,LTC,1,0.9500984859250728,no_price_inside_entry_window
2025-06-16,SOL,1,0.9342084848350404,no_price_inside_entry_window
2025-06-16,UMA,-1,0.0510610939441842,no_price_inside_entry_window
2025-06-16,MOODENG,-1,0.0556179821589078,no_price_inside_entry_window
2025-06-16,kNEIRO,-1,0.0866410091130105,no_price_inside_entry_window
2025-06-17,BCH,1,0.9038911125765988,no_price_inside_entry_window
2025-06-17,ETC,1,0.9024784725794432,no_price_inside_entry_window
2025-06-17,OM,-1,0.0184534615140886,no_price_inside_entry_window
2025-06-17,USUAL,-1,0.0798558018340128,no_price_inside_entry_window
2025-06-17,MOODENG,-1,0.1248762832826938,no_price_inside_entry_window
2025-06-18,BTC,1,0.9506026526523004,no_price_inside_entry_window
2025-06-18,BNB,1,0.9352518556714672,no_price_inside_entry_window
2025-06-18,OM,-1,0.0253052939354316,no_price_inside_entry_window
2025-06-18,USUAL,-1,0.0575441809006616,no_price_inside_entry_window
2025-06-18,kNEIRO,-1,0.091627462388853,no_price_inside_entry_window
2025-06-19,LINK,1,0.8866881540016457,no_price_inside_entry_window
2025-06-19,TAO,1,0.8791869964199404,no_price_inside_entry_window
2025-06-19,SUSHI,1,0.8765342668844422,no_price_inside_entry_window
2025-06-19,USUAL,-1,0.0549571412189518,no_price_inside_entry_window
2025-06-19,IP,-1,0.1022103909344482,no_price_inside_entry_window
2025-06-19,ZEN,-1,0.1076833593223723,no_price_inside_entry_window
2025-06-20,ETC,1,0.93938984849235,no_price_inside_entry_window
2025-06-20,BCH,1,0.8997210751444847,no_price_inside_entry_window
2025-06-20,XAI,-1,0.0790578621847418,no_price_inside_entry_window
2025-06-20,ZEN,-1,0.1043477399788299,no_price_inside_entry_window
2025-06-20,ZEREBRO,-1,0.1080156676392181,no_price_inside_entry_window
2025-06-21,BNB,1,0.9709049400146198,no_price_inside_entry_window
2025-06-21,BTC,1,0.9361627181277828,no_price_inside_entry_window
2025-06-21,XAI,-1,0.0432929985388982,no_price_inside_entry_window
2025-06-21,AR,-1,0.1126317555160885,no_price_inside_entry_window
2025-06-22,BSV,1,0.8178903028436753,no_price_inside_entry_window
2025-06-22,SEI,1,0.8135844195526948,no_price_inside_entry_window
2025-06-22,OM,-1,0.066359475986028,no_price_inside_entry_window
2025-06-22,ALT,-1,0.1046623201411788,no_price_inside_entry_window
2025-06-22,USUAL,-1,0.1137871517647703,no_price_inside_entry_window
2025-06-23,BTC,1,0.8187184550815257,no_price_inside_entry_window
2025-06-23,LTC,1,0.8169820502167331,no_price_inside_entry_window
2025-06-23,OM,-1,0.0714178240913074,no_price_inside_entry_window
2025-06-23,USUAL,-1,0.0935333463710446,no_price_inside_entry_window
2025-06-23,XAI,-1,0.1447997829871549,no_price_inside_entry_window
2025-06-24,RSR,1,0.8810854261895099,no_price_inside_entry_window
2025-06-24,LINK,1,0.8452242251329156,no_price_inside_entry_window
2025-06-24,SOL,1,0.827942152331804,no_price_inside_entry_window
2025-06-24,AIXBT,-1,0.0899542131947324,no_price_inside_entry_window
2025-06-24,OM,-1,0.1753561056432914,no_price_inside_entry_window
2025-06-25,ALGO,1,0.8599829160824842,no_price_inside_entry_window
2025-06-25,LINK,1,0.8383974223621528,no_price_inside_entry_window
2025-06-25,kFLOKI,1,0.8354548830821683,no_price_inside_entry_window
2025-06-25,OM,-1,0.0935451130349989,no_price_inside_entry_window
2025-06-25,USUAL,-1,0.0970918107771866,no_price_inside_entry_window
2025-06-25,ALT,-1,0.1021325645879389,no_price_inside_entry_window
2025-06-26,BSV,1,0.9109405435707876,no_price_inside_entry_window
2025-06-26,ONDO,1,0.9075357989386148,no_price_inside_entry_window
2025-06-26,USUAL,-1,0.0861845247066488,no_price_inside_entry_window
2025-06-26,ALT,-1,0.1222878525698746,no_price_inside_entry_window
2025-06-26,XAI,-1,0.1259866530614847,no_price_inside_entry_window
2025-06-27,ETH,1,0.8762474757309648,no_price_inside_entry_window
2025-06-27,FET,1,0.871552059432184,no_price_inside_entry_window
2025-06-27,USUAL,-1,0.0853588175967489,no_price_inside_entry_window
2025-06-27,ALT,-1,0.1027697670244189,no_price_inside_entry_window
2025-06-27,OM,-1,0.1101493917499627,no_price_inside_entry_window
2025-06-28,SOL,1,0.8617164815065228,no_price_inside_entry_window
2025-06-28,SUI,1,0.8463672211637725,no_price_inside_entry_window
2025-06-28,BCH,1,0.8403370030066436,no_price_inside_entry_window
2025-06-28,ANIME,-1,0.1553041803263207,no_price_inside_entry_window
2025-06-28,S,-1,0.166031405819681,no_price_inside_entry_window
2025-06-28,AIXBT,-1,0.1716629836016026,no_price_inside_entry_window
2025-06-29,RUNE,1,0.8534672273366317,no_price_inside_entry_window
2025-06-29,ATOM,1,0.8459892359299972,no_price_inside_entry_window
2025-06-29,RSR,1,0.8357563619706051,no_price_inside_entry_window
2025-06-29,AIXBT,-1,0.0877552387970799,no_price_inside_entry_window
2025-06-29,SPX,-1,0.1260482250047297,no_price_inside_entry_window
2025-06-29,ALT,-1,0.14199526417097,no_price_inside_entry_window
2025-06-30,SUSHI,1,0.8565754698852499,no_price_inside_entry_window
2025-06-30,BNB,1,0.8564284254113967,no_price_inside_entry_window
2025-06-30,ANIME,-1,0.0979621078102597,no_price_inside_entry_window
2025-06-30,AIXBT,-1,0.1105352956732907,no_price_inside_entry_window
2025-06-30,MELANIA,-1,0.1394512155794975,no_price_inside_entry_window
2025-07-01,BNB,1,0.8537485272378107,no_price_inside_entry_window
2025-07-01,BTC,1,0.8317600953342552,no_price_inside_entry_window
2025-07-01,SOL,1,0.8251811839665614,no_price_inside_entry_window
2025-07-01,ALT,-1,0.0901071759542871,no_price_inside_entry_window
2025-07-01,ANIME,-1,0.110693262324161,no_price_inside_entry_window
2025-07-01,OM,-1,0.1481165654088968,no_price_inside_entry_window
2025-07-02,SOPH,1,0.91828691404332,no_price_inside_entry_window
2025-07-02,POL,1,0.8701752915143174,no_price_inside_entry_window
2025-07-02,ONDO,1,0.8672337853919928,no_price_inside_entry_window
2025-07-02,ZEREBRO,-1,0.0876858790660534,no_price_inside_entry_window
2025-07-02,OM,-1,0.0967931652400622,no_price_inside_entry_window
2025-07-02,ANIME,-1,0.1075644662631988,no_price_inside_entry_window
2025-07-03,MERL,1,0.8658712980813053,no_price_inside_entry_window
2025-07-03,kBONK,1,0.8478604227017678,no_price_inside_entry_window
2025-07-03,ETH,1,0.8445337539840406,no_price_inside_entry_window
2025-07-03,ANIME,-1,0.0685796720223901,no_price_inside_entry_window
2025-07-03,AIXBT,-1,0.1043919104729028,no_price_inside_entry_window
2025-07-03,GRIFFAIN,-1,0.1301408111026135,no_price_inside_entry_window
2025-07-04,ADA,1,0.9056362606206564,no_price_inside_entry_window
2025-07-04,SUI,1,0.8686043429130854,no_price_inside_entry_window
2025-07-04,LINK,1,0.8657796463583843,no_price_inside_entry_window
2025-07-04,ALT,-1,0.1035969848675604,no_price_inside_entry_window
2025-07-04,ANIME,-1,0.1191211981131149,no_price_inside_entry_window
2025-07-04,SEI,-1,0.1357599738694686,no_price_inside_entry_window
2025-07-05,SOPH,1,0.9138337984322604,no_price_inside_entry_window
2025-07-05,PAXG,1,0.8956690778942206,no_price_inside_entry_window
2025-07-05,BTC,1,0.8779026659899378,no_price_inside_entry_window
2025-07-05,MAV,-1,0.161631369516803,no_price_inside_entry_window
2025-07-05,OM,-1,0.1663992241884204,no_price_inside_entry_window
2025-07-06,TRB,1,0.91635391206055,no_price_inside_entry_window
2025-07-06,NEAR,1,0.8993359744272628,no_price_inside_entry_window
2025-07-06,kFLOKI,1,0.856830425591099,no_price_inside_entry_window
2025-07-06,BLAST,-1,0.0646074858961286,no_price_inside_entry_window
2025-07-06,OM,-1,0.0696764967196558,no_price_inside_entry_window
2025-07-06,ANIME,-1,0.115349607832034,no_price_inside_entry_window
2025-07-07,DOGE,1,0.8881792202131057,no_price_inside_entry_window
2025-07-07,XLM,1,0.8641525885785757,no_price_inside_entry_window
2025-07-07,kBONK,1,0.8520259517782294,no_price_inside_entry_window
2025-07-07,ANIME,-1,0.0855629261100706,no_price_inside_entry_window
2025-07-07,BLAST,-1,0.1269454693886789,no_price_inside_entry_window
2025-07-07,JTO,-1,0.1273046201485198,no_price_inside_entry_window
2025-07-08,LINK,1,0.867732492150041,no_price_inside_entry_window
2025-07-08,CELO,1,0.8499577667222606,no_price_inside_entry_window
2025-07-08,W,-1,0.1206905474548153,no_price_inside_entry_window
2025-07-08,SEI,-1,0.1259720641676105,no_price_inside_entry_window
2025-07-09,LINK,1,0.8799434471696215,no_price_inside_entry_window
2025-07-09,ETC,1,0.8762671078852196,no_price_inside_entry_window
2025-07-09,ATOM,1,0.8756141450729037,no_price_inside_entry_window
2025-07-09,MOVE,-1,0.0929237761339818,no_price_inside_entry_window
2025-07-09,ANIME,-1,0.1108743548849495,no_price_inside_entry_window
2025-07-09,W,-1,0.1110816130203297,no_price_inside_entry_window
2025-07-10,AVAX,1,0.8784139803611015,no_price_inside_entry_window
2025-07-10,SAND,1,0.8522708781038578,no_price_inside_entry_window
2025-07-10,ADA,1,0.8227497141940578,no_price_inside_entry_window
2025-07-10,GRIFFAIN,-1,0.0954665511469424,no_price_inside_entry_window
2025-07-10,JTO,-1,0.1144949974932928,no_price_inside_entry_window
2025-07-10,ANIME,-1,0.11703213922072,no_price_inside_entry_window
2025-07-11,SUI,1,0.8915675734123616,no_price_inside_entry_window
2025-07-11,GALA,1,0.8706063488937777,no_price_inside_entry_window
2025-07-11,ALGO,1,0.8679206658708187,no_price_inside_entry_window
2025-07-11,ZEREBRO,-1,0.0528285929387865,no_price_inside_entry_window
2025-07-11,MOVE,-1,0.0536824255950089,no_price_inside_entry_window
2025-07-11,GMX,-1,0.1024285056406006,no_price_inside_entry_window
2025-07-12,ALGO,1,0.8973141834312242,no_price_inside_entry_window
2025-07-12,DOT,1,0.8318737253446875,no_price_inside_entry_window
2025-07-12,AVAX,1,0.8196201729228992,no_price_inside_entry_window
2025-07-12,MOVE,-1,0.0895342776879107,no_price_inside_entry_window
2025-07-12,ANIME,-1,0.1253750573592339,no_price_inside_entry_window
2025-07-12,SYRUP,-1,0.1970436301765828,no_price_inside_entry_window
2025-07-13,HYPE,1,0.8871550154406604,no_price_inside_entry_window
2025-07-13,ALGO,1,0.8510907951079002,no_price_inside_entry_window
2025-07-13,SAND,1,0.8308867946891997,no_price_inside_entry_window
2025-07-13,IP,-1,0.1485946132136182,no_price_inside_entry_window
2025-07-13,W,-1,0.150082056926696,no_price_inside_entry_window
2025-07-13,ALT,-1,0.1582183921257113,no_price_inside_entry_window
2025-07-14,HYPE,1,0.8942321274481525,no_price_inside_entry_window
2025-07-14,RENDER,1,0.8875033677494759,no_price_inside_entry_window
2025-07-14,BTC,1,0.8337208936018183,no_price_inside_entry_window
2025-07-14,MOVE,-1,0.1229980880923672,no_price_inside_entry_window
2025-07-14,INIT,-1,0.1676272861325054,no_price_inside_entry_window
2025-07-15,BTC,1,0.9085639935599172,no_price_inside_entry_window
2025-07-15,RENDER,1,0.8552707088218782,no_price_inside_entry_window
2025-07-15,MNT,1,0.849399470203028,no_price_inside_entry_window
2025-07-15,JTO,-1,0.1643254130718544,no_price_inside_entry_window
2025-07-15,ARK,-1,0.1693197106064393,no_price_inside_entry_window
2025-07-15,MOVE,-1,0.1695002371377364,no_price_inside_entry_window
2025-07-16,ETH,1,0.8814992524008405,no_price_inside_entry_window
2025-07-16,RENDER,1,0.8586077674198364,no_price_inside_entry_window
2025-07-16,AVAX,1,0.8541582067806985,no_price_inside_entry_window
2025-07-16,SYRUP,-1,0.1179156450994916,no_price_inside_entry_window
2025-07-16,MELANIA,-1,0.1375577695728285,no_price_inside_entry_window
2025-07-16,JTO,-1,0.1387659795024164,no_price_inside_entry_window
2025-07-17,RENDER,1,0.869769413651053,no_price_inside_entry_window
2025-07-17,SOL,1,0.8313289562132625,no_price_inside_entry_window
2025-07-17,ETH,1,0.8300815854284829,no_price_inside_entry_window
2025-07-17,MOVE,-1,0.0909904720609259,no_price_inside_entry_window
2025-07-17,JTO,-1,0.1074000517392359,no_price_inside_entry_window
2025-07-17,SYRUP,-1,0.1216561887663502,no_price_inside_entry_window
2025-07-18,ADA,1,0.9035667397024142,no_price_inside_entry_window
2025-07-18,RUNE,1,0.8446862027806702,no_price_inside_entry_window
2025-07-18,DYDX,1,0.8247589193546341,no_price_inside_entry_window
2025-07-18,ZEREBRO,-1,0.1372322531875386,no_price_inside_entry_window
2025-07-18,JTO,-1,0.1480234303279341,no_price_inside_entry_window
2025-07-19,ADA,1,0.9039520661278846,no_price_inside_entry_window
2025-07-19,RUNE,1,0.8525810125241756,no_price_inside_entry_window
2025-07-19,DYDX,1,0.8288241272063562,no_price_inside_entry_window
2025-07-19,ZEREBRO,-1,0.1352414091682608,no_price_inside_entry_window
2025-07-19,JTO,-1,0.1603324500198477,no_price_inside_entry_window
2025-07-20,DOT,1,0.8474860256700293,no_price_inside_entry_window
2025-07-20,ATOM,1,0.8024804670267848,no_price_inside_entry_window
2025-07-20,MNT,1,0.7838585706666361,no_price_inside_entry_window
2025-07-20,SYRUP,-1,0.0728943575411528,no_price_inside_entry_window
2025-07-20,MOVE,-1,0.1045473757966374,no_price_inside_entry_window
2025-07-20,JTO,-1,0.1090534631344569,no_price_inside_entry_window
2025-07-21,GMT,1,0.8519435176930715,no_price_inside_entry_window
2025-07-21,SAND,1,0.786424306120475,no_price_inside_entry_window
2025-07-21,BNB,1,0.7831552056681397,no_price_inside_entry_window
2025-07-21,SYRUP,-1,0.0896370152365538,no_price_inside_entry_window
2025-07-21,GRIFFAIN,-1,0.1195750314825884,no_price_inside_entry_window
2025-07-22,STX,1,0.8536665279986961,no_price_inside_entry_window
2025-07-22,kBONK,1,0.8211810337411198,no_price_inside_entry_window
2025-07-22,ATOM,1,0.814048888297999,no_price_inside_entry_window
2025-07-22,SYRUP,-1,0.1707710620142284,no_price_inside_entry_window
2025-07-22,GRIFFAIN,-1,0.2034755627428012,no_price_inside_entry_window
2025-07-23,SOL,1,0.9000721682035563,no_price_inside_entry_window
2025-07-23,STX,1,0.8477966106725686,no_price_inside_entry_window
2025-07-23,DOT,1,0.8459358641237495,no_price_inside_entry_window
2025-07-23,SEI,-1,0.1433304900857114,no_price_inside_entry_window
2025-07-23,SYRUP,-1,0.1536956796098981,no_price_inside_entry_window
2025-07-23,MOVE,-1,0.1570685261862942,no_price_inside_entry_window
2025-07-24,PENDLE,1,0.8332963503155638,no_price_inside_entry_window
2025-07-24,BIGTIME,1,0.8226010578418342,no_price_inside_entry_window
2025-07-24,AVAX,1,0.8131084454890403,no_price_inside_entry_window
2025-07-24,SYRUP,-1,0.1620274585401079,no_price_inside_entry_window
2025-07-24,ALT,-1,0.1625845617869599,no_price_inside_entry_window
2025-07-24,HYPER,-1,0.1917668904119662,no_price_inside_entry_window
2025-07-25,BNB,1,0.9131891748158028,no_price_inside_entry_window
2025-07-25,TRX,1,0.8586430740402756,no_price_inside_entry_window
2025-07-25,LAYER,1,0.8538719665886614,no_price_inside_entry_window
2025-07-25,kNEIRO,-1,0.1011751457081335,no_price_inside_entry_window
2025-07-25,SYRUP,-1,0.1817868397632732,no_price_inside_entry_window
2025-07-26,STX,1,0.877961457047907,no_price_inside_entry_window
2025-07-26,CAKE,1,0.86296051909382,no_price_inside_entry_window
2025-07-26,SUI,1,0.8593435126325284,no_price_inside_entry_window
2025-07-26,KAITO,-1,0.1247440724710177,no_price_inside_entry_window
2025-07-26,SYRUP,-1,0.1476208708265898,no_price_inside_entry_window
2025-07-26,MELANIA,-1,0.1556742264111502,no_price_inside_entry_window
2025-07-27,BTC,1,0.900061307437042,no_price_inside_entry_window
2025-07-27,INJ,1,0.8772009044997671,no_price_inside_entry_window
2025-07-27,HBAR,1,0.8509211812084887,no_price_inside_entry_window
2025-07-27,SYRUP,-1,0.0817795760533757,no_price_inside_entry_window
2025-07-27,KAITO,-1,0.1259173956679144,no_price_inside_entry_window
2025-07-28,BNB,1,0.9086353937004767,no_price_inside_entry_window
2025-07-28,MINA,1,0.8765081032444948,no_price_inside_entry_window
2025-07-28,CAKE,1,0.8713832671738132,no_price_inside_entry_window
2025-07-28,MOVE,-1,0.0663183469852758,no_price_inside_entry_window
2025-07-28,S,-1,0.1270333923905757,no_price_inside_entry_window
2025-07-29,AVAX,1,0.8655681086493967,no_price_inside_entry_window
2025-07-29,ATOM,1,0.8243618068916378,no_price_inside_entry_window
2025-07-29,LDO,1,0.8235574459983235,no_price_inside_entry_window
2025-07-29,USUAL,-1,0.1286962522253166,no_price_inside_entry_window
2025-07-29,kNEIRO,-1,0.149886472957918,no_price_inside_entry_window
2025-07-29,MORPHO,-1,0.152070576101631,no_price_inside_entry_window
2025-07-30,TON,1,0.8464354884407561,no_price_inside_entry_window
2025-07-30,TRX,1,0.8295453773699732,no_price_inside_entry_window
2025-07-30,RSR,1,0.8147719341655177,no_price_inside_entry_window
2025-07-30,kNEIRO,-1,0.0657493563746125,no_price_inside_entry_window
2025-07-30,KAITO,-1,0.1164875059488455,no_price_inside_entry_window
2025-07-30,VINE,-1,0.127903657421038,no_price_inside_entry_window
2025-07-31,BTC,1,0.9269524852190164,no_price_inside_entry_window
2025-07-31,LTC,1,0.8973323815368428,no_price_inside_entry_window
2025-07-31,POL,1,0.8899072209849126,no_price_inside_entry_window
2025-07-31,kNEIRO,-1,0.0973974184160862,no_price_inside_entry_window
2025-07-31,VINE,-1,0.1442559469138508,no_price_inside_entry_window
2025-07-31,KAITO,-1,0.1479790631244543,no_price_inside_entry_window
2025-08-01,POLYX,1,0.8962475584729271,no_price_inside_entry_window
2025-08-01,LTC,1,0.8751933318197732,no_price_inside_entry_window
2025-08-01,POL,1,0.8727180878136046,no_price_inside_entry_window
2025-08-01,BLAST,-1,0.0768077162466388,no_price_inside_entry_window
2025-08-01,ALT,-1,0.1336658349596342,no_price_inside_entry_window
2025-08-02,TON,1,0.8964759232589712,no_price_inside_entry_window
2025-08-02,LTC,1,0.8912807805114793,no_price_inside_entry_window
2025-08-02,POL,1,0.7943675897195761,no_price_inside_entry_window
2025-08-02,USUAL,-1,0.1238519833025827,no_price_inside_entry_window
2025-08-02,RESOLV,-1,0.1723797858732771,no_price_inside_entry_window
2025-08-03,BRETT,1,0.8956420702220278,no_price_inside_entry_window
2025-08-03,POL,1,0.8661857572052666,no_price_inside_entry_window
2025-08-03,POLYX,1,0.8364360561820254,no_price_inside_entry_window
2025-08-03,USUAL,-1,0.1390528284244068,no_price_inside_entry_window
2025-08-03,AR,-1,0.139953030410426,no_price_inside_entry_window
2025-08-04,BNB,1,0.8714792363313615,no_price_inside_entry_window
2025-08-04,RENDER,1,0.8617218090011942,no_price_inside_entry_window
2025-08-04,AAVE,1,0.853611591622379,no_price_inside_entry_window
2025-08-04,KAITO,-1,0.1125601091778372,no_price_inside_entry_window
2025-08-04,FARTCOIN,-1,0.1137346527914961,no_price_inside_entry_window
2025-08-05,MNT,1,0.9048375176675046,no_price_inside_entry_window
2025-08-05,LTC,1,0.9029486672108906,no_price_inside_entry_window
2025-08-05,SOL,1,0.8838908711149787,no_price_inside_entry_window
2025-08-05,KAITO,-1,0.1263967832327916,no_price_inside_entry_window
2025-08-05,WCT,-1,0.1376484240482935,no_price_inside_entry_window
2025-08-06,MNT,1,0.9287873082430304,no_price_inside_entry_window
2025-08-06,LTC,1,0.9070774507942037,no_price_inside_entry_window
2025-08-06,TRX,1,0.8720639534298986,no_price_inside_entry_window
2025-08-06,BLAST,-1,0.1312086749085407,no_price_inside_entry_window
2025-08-06,MEME,-1,0.1336134147969196,no_price_inside_entry_window
2025-08-07,DYDX,1,0.8981241886782081,no_price_inside_entry_window
2025-08-07,ATOM,1,0.8818688381026676,no_price_inside_entry_window
2025-08-07,GMX,1,0.8586171896276921,no_price_inside_entry_window
2025-08-07,KAITO,-1,0.1031761931299821,no_price_inside_entry_window
2025-08-07,SYRUP,-1,0.1385638535141558,no_price_inside_entry_window
2025-08-08,INJ,1,0.8855610181711986,no_price_inside_entry_window
2025-08-08,NEAR,1,0.8362914630546348,no_price_inside_entry_window
2025-08-08,LINK,1,0.8169335165384702,no_price_inside_entry_window
2025-08-08,CHILLGUY,-1,0.1259238550301883,no_price_inside_entry_window
2025-08-08,VINE,-1,0.1378862023280557,no_price_inside_entry_window
2025-08-08,LAYER,-1,0.1500647095395779,no_price_inside_entry_window
2025-08-09,DOT,1,0.862853649163249,no_price_inside_entry_window
2025-08-09,kSHIB,1,0.8318342064239624,no_price_inside_entry_window
2025-08-09,ATOM,1,0.8126657835085238,no_price_inside_entry_window
2025-08-09,VIRTUAL,-1,0.12455023716318,no_price_inside_entry_window
2025-08-09,CHILLGUY,-1,0.132631279134793,no_price_inside_entry_window
2025-08-10,DOT,1,0.8973174223504096,no_price_inside_entry_window
2025-08-10,LINK,1,0.8532099201120233,no_price_inside_entry_window
2025-08-10,RSR,1,0.8462153080614294,no_price_inside_entry_window
2025-08-10,SYRUP,-1,0.1051365738360578,no_price_inside_entry_window
2025-08-10,FARTCOIN,-1,0.1641114262565202,no_price_inside_entry_window
2025-08-10,TURBO,-1,0.1698068154631925,no_price_inside_entry_window
2025-08-11,IOTA,1,0.8514678013963167,no_price_inside_entry_window
2025-08-11,BIO,1,0.8355077272757019,no_price_inside_entry_window
2025-08-11,IMX,1,0.8318363946057808,no_price_inside_entry_window
2025-08-11,MEME,-1,0.1739840893554775,no_price_inside_entry_window
2025-08-12,IOTA,1,0.8386413904396948,no_price_inside_entry_window
2025-08-12,BNB,1,0.8369814620305478,no_price_inside_entry_window
2025-08-12,ETC,1,0.8094866581316461,no_price_inside_entry_window
2025-08-12,USUAL,-1,0.1491144132356326,no_price_inside_entry_window
2025-08-12,BLAST,-1,0.1745113250392036,no_price_inside_entry_window
2025-08-13,GALA,1,0.8546251152198638,no_price_inside_entry_window
2025-08-13,IOTA,1,0.8169607565037786,no_price_inside_entry_window
2025-08-13,LTC,1,0.8150077897373107,no_price_inside_entry_window
2025-08-13,VINE,-1,0.1516863337054023,no_price_inside_entry_window
2025-08-13,PAXG,-1,0.1640755954084674,no_price_inside_entry_window
2025-08-14,GALA,1,0.7885981278261182,no_price_inside_entry_window
2025-08-14,ADA,1,0.7852653264475067,no_price_inside_entry_window
2025-08-14,DOGE,1,0.7792207654890577,no_price_inside_entry_window
2025-08-14,VINE,-1,0.1972550936200862,no_price_inside_entry_window
2025-08-15,POLYX,1,0.8240850230399589,no_price_inside_entry_window
2025-08-15,BNB,1,0.7626351254958657,no_price_inside_entry_window
2025-08-15,IOTA,1,0.7487013997625487,no_price_inside_entry_window
2025-08-15,VINE,-1,0.156111476705558,no_price_inside_entry_window
2025-08-15,MAV,-1,0.1936556315459742,no_price_inside_entry_window
2025-08-16,RENDER,1,0.8725575954120168,no_price_inside_entry_window
2025-08-16,HYPE,1,0.8579710701016218,no_price_inside_entry_window
2025-08-16,MNT,1,0.820703409476869,no_price_inside_entry_window
2025-08-16,GRASS,-1,0.166795070279682,no_price_inside_entry_window
2025-08-16,PENGU,-1,0.1705366943253398,no_price_inside_entry_window
2025-08-17,NEO,1,0.8461228108941145,no_price_inside_entry_window
2025-08-17,LTC,1,0.8424829136125611,no_price_inside_entry_window
2025-08-17,DOGE,1,0.811080958898993,no_price_inside_entry_window
2025-08-17,MAVIA,-1,0.1299042505047561,no_price_inside_entry_window
2025-08-17,VINE,-1,0.1376678196063782,no_price_inside_entry_window
2025-08-18,DOGE,1,0.8518470269400905,no_price_inside_entry_window
2025-08-18,BNB,1,0.8417279983232148,no_price_inside_entry_window
2025-08-18,DOT,1,0.8315648956636084,no_price_inside_entry_window
2025-08-18,MAV,-1,0.1591894491072299,no_price_inside_entry_window
2025-08-19,BNB,1,0.8443996734826397,no_price_inside_entry_window
2025-08-19,DOT,1,0.8227575439079408,no_price_inside_entry_window
2025-08-19,LTC,1,0.8201032697037103,no_price_inside_entry_window
2025-08-19,LDO,-1,0.1473520565987713,no_price_inside_entry_window
2025-08-19,PENGU,-1,0.1543754169792311,no_price_inside_entry_window
2025-08-19,EIGEN,-1,0.1641570167899788,no_price_inside_entry_window
2025-08-20,NEO,1,0.8133189802911251,no_price_inside_entry_window
2025-08-20,POLYX,1,0.7996771021164277,no_price_inside_entry_window
2025-08-20,ANIME,1,0.7822483577708081,no_price_inside_entry_window
2025-08-20,SCR,-1,0.1327403204153964,no_price_inside_entry_window
2025-08-20,CFX,-1,0.1644885724892499,no_price_inside_entry_window
2025-08-20,ARB,-1,0.1754559395993961,no_price_inside_entry_window
2025-08-21,DOGE,1,0.8537525995868896,no_price_inside_entry_window
2025-08-21,DYDX,1,0.8345430817749738,no_price_inside_entry_window
2025-08-21,AAVE,1,0.8093662278263754,no_price_inside_entry_window
2025-08-21,UMA,-1,0.1417597861291665,no_price_inside_entry_window
2025-08-21,KAITO,-1,0.1644674238337252,no_price_inside_entry_window
2025-08-22,LTC,1,0.8160039899034147,no_price_inside_entry_window
2025-08-22,ANIME,1,0.7710661091525266,no_price_inside_entry_window
2025-08-22,ETH,1,0.7709369241776363,no_price_inside_entry_window
2025-08-22,ZEREBRO,-1,0.1296907748010965,no_price_inside_entry_window
2025-08-22,VVV,-1,0.1653004617599588,no_price_inside_entry_window
2025-08-23,AAVE,1,0.8860353874740646,no_price_inside_entry_window
2025-08-23,ETH,1,0.8682567823975381,no_price_inside_entry_window
2025-08-23,SOL,1,0.8517204892250598,no_price_inside_entry_window
2025-08-23,SPX,-1,0.1904916822310405,no_price_inside_entry_window
2025-08-24,AAVE,1,0.8918735253370129,no_price_inside_entry_window
2025-08-24,DOT,1,0.8342434240860995,no_price_inside_entry_window
2025-08-24,SOL,1,0.8337817023005927,no_price_inside_entry_window
2025-08-24,VINE,-1,0.1052233301154853,no_price_inside_entry_window
2025-08-25,SOL,1,0.8168009654996795,no_price_inside_entry_window
2025-08-25,DOT,1,0.8082585090327098,no_price_inside_entry_window
2025-08-25,PAXG,1,0.806811040248791,no_price_inside_entry_window
2025-08-25,VVV,-1,0.1469836534847131,no_price_inside_entry_window
2025-08-26,POLYX,1,0.8343290679689818,no_price_inside_entry_window
2025-08-26,SAND,1,0.818170660389347,no_price_inside_entry_window
2025-08-26,BNB,1,0.8154789191068497,no_price_inside_entry_window
2025-08-26,VINE,-1,0.1037519097805218,no_price_inside_entry_window
2025-08-26,MEME,-1,0.1304677258390465,no_price_inside_entry_window
2025-08-26,PENGU,-1,0.1465012837509849,no_price_inside_entry_window
2025-08-27,SAND,1,0.8611827298759219,no_price_inside_entry_window
2025-08-27,DOT,1,0.8571685976173363,no_price_inside_entry_window
2025-08-27,HYPE,1,0.8261236327994004,no_price_inside_entry_window
2025-08-27,MEME,-1,0.0836247534817133,no_price_inside_entry_window
2025-08-27,BIO,-1,0.0913708192122443,no_price_inside_entry_window
2025-08-28,DOGE,1,0.8416018980897948,no_price_inside_entry_window
2025-08-28,BTC,1,0.8054125011115896,no_price_inside_entry_window
2025-08-28,BNB,1,0.7868107363707332,no_price_inside_entry_window
2025-08-28,VINE,-1,0.0862294466958314,no_price_inside_entry_window
2025-08-28,MEME,-1,0.1327288412033698,no_price_inside_entry_window
2025-08-29,DOT,1,0.8579019856506223,no_price_inside_entry_window
2025-08-29,SOL,1,0.8576996859615786,no_price_inside_entry_window
2025-08-29,SAND,1,0.835086236027137,no_price_inside_entry_window
2025-08-29,VINE,-1,0.1731514345843226,no_price_inside_entry_window
2025-08-30,SAND,1,0.8452596235276552,no_price_inside_entry_window
2025-08-30,PAXG,1,0.8184460614933294,no_price_inside_entry_window
2025-08-30,DOT,1,0.817324271703306,no_price_inside_entry_window
2025-08-30,MEME,-1,0.0987652759034613,no_price_inside_entry_window
2025-08-30,VINE,-1,0.1225652121426353,no_price_inside_entry_window
2025-08-31,DOT,1,0.8865487917794564,no_price_inside_entry_window
2025-08-31,ATOM,1,0.8289567594552203,no_price_inside_entry_window
2025-08-31,APT,1,0.8288608194458483,no_price_inside_entry_window
2025-08-31,MAV,-1,0.1363222142516121,no_price_inside_entry_window
2025-08-31,HYPER,-1,0.1399225336505189,no_price_inside_entry_window
2025-09-01,SAND,1,0.8629652621426587,no_price_inside_entry_window
2025-09-01,SOL,1,0.844464892993528,no_price_inside_entry_window
2025-09-01,ETH,1,0.8301937463635134,no_price_inside_entry_window
2025-09-01,CFX,-1,0.0990544156620888,no_price_inside_entry_window
2025-09-01,VINE,-1,0.1061664921465126,no_price_inside_entry_window
2025-09-02,BTC,1,0.8998592298026961,no_price_inside_entry_window
2025-09-02,PAXG,1,0.8719446700891531,no_price_inside_entry_window
2025-09-02,DOT,1,0.8507014888853157,no_price_inside_entry_window
2025-09-02,MEME,-1,0.1274203706924886,no_price_inside_entry_window
2025-09-03,BCH,1,0.8931154606126487,no_price_inside_entry_window
2025-09-03,SAND,1,0.8922201745748863,no_price_inside_entry_window
2025-09-03,SOL,1,0.8788866380911742,no_price_inside_entry_window
2025-09-03,PROMPT,-1,0.1161105919830352,no_price_inside_entry_window
2025-09-03,GRIFFAIN,-1,0.1342426419772886,no_price_inside_entry_window
2025-09-04,ATOM,1,0.9121855481195026,no_price_inside_entry_window
2025-09-04,SAND,1,0.8804478243407886,no_price_inside_entry_window
2025-09-04,DOT,1,0.8555387179618447,no_price_inside_entry_window
2025-09-04,PROMPT,-1,0.0839250378122189,no_price_inside_entry_window
2025-09-04,BIO,-1,0.1558805485877589,no_price_inside_entry_window
2025-09-05,POLYX,1,0.8827275613202076,no_price_inside_entry_window
2025-09-05,LTC,1,0.8538575868708229,no_price_inside_entry_window
2025-09-05,BNB,1,0.8468529756203779,no_price_inside_entry_window
2025-09-05,BIO,-1,0.0704641635445063,no_price_inside_entry_window
2025-09-05,MAV,-1,0.0830070139451894,no_price_inside_entry_window
2025-09-05,MEME,-1,0.1028367224193341,no_price_inside_entry_window
2025-09-06,BCH,1,0.8896539859793055,no_price_inside_entry_window
2025-09-06,DOT,1,0.8499078627869427,no_price_inside_entry_window
2025-09-06,BNB,1,0.829251467968763,no_price_inside_entry_window
2025-09-06,PYTH,-1,0.0837391252350406,no_price_inside_entry_window
2025-09-06,PROMPT,-1,0.0952679803180118,no_price_inside_entry_window
2025-09-06,GRIFFAIN,-1,0.1184960365051172,no_price_inside_entry_window
2025-09-07,BNB,1,0.9240000422266008,no_price_inside_entry_window
2025-09-07,LTC,1,0.8470973102954518,no_price_inside_entry_window
2025-09-07,POLYX,1,0.8428726108411565,no_price_inside_entry_window
2025-09-07,BIO,-1,0.0465669242859626,no_price_inside_entry_window
2025-09-07,PYTH,-1,0.1077637761820802,no_price_inside_entry_window
2025-09-08,BNB,1,0.9414308231214616,no_price_inside_entry_window
2025-09-08,LTC,1,0.9043190502737588,no_price_inside_entry_window
2025-09-08,BTC,1,0.8670806177986152,no_price_inside_entry_window
2025-09-08,BIO,-1,0.0583691925130025,no_price_inside_entry_window
2025-09-08,PYTH,-1,0.0631559645815555,no_price_inside_entry_window
2025-09-09,BNB,1,0.946988326599474,no_price_inside_entry_window
2025-09-09,LTC,1,0.9016013487236426,no_price_inside_entry_window
2025-09-09,SOL,1,0.8774153930331889,no_price_inside_entry_window
2025-09-09,BIO,-1,0.0652301722880841,no_price_inside_entry_window
2025-09-09,FARTCOIN,-1,0.0788998803003474,no_price_inside_entry_window
2025-09-09,PYTH,-1,0.0905211780216499,no_price_inside_entry_window
2025-09-10,ATOM,1,0.9034827764439168,no_price_inside_entry_window
2025-09-10,BNB,1,0.8930134826358145,no_price_inside_entry_window
2025-09-10,TRX,1,0.8825721092418602,no_price_inside_entry_window
2025-09-10,BIO,-1,0.0833227385732754,no_price_inside_entry_window
2025-09-10,MAV,-1,0.0936009422930613,no_price_inside_entry_window
2025-09-10,PYTH,-1,0.0987912256288043,no_price_inside_entry_window
2025-09-11,BNB,1,0.9273719864110112,no_price_inside_entry_window
2025-09-11,LTC,1,0.9172003527275658,no_price_inside_entry_window
2025-09-11,DOT,1,0.8865837090447886,no_price_inside_entry_window
2025-09-11,PYTH,-1,0.0707553849202815,no_price_inside_entry_window
2025-09-11,BIO,-1,0.0713560787310264,no_price_inside_entry_window
2025-09-11,MAV,-1,0.0731146884485698,no_price_inside_entry_window
2025-09-12,SAND,1,0.8720503307083588,no_price_inside_entry_window
2025-09-12,TRX,1,0.8615588392408045,no_price_inside_entry_window
2025-09-12,BNB,1,0.8572365576123444,no_price_inside_entry_window
2025-09-12,PYTH,-1,0.0831373239907212,no_price_inside_entry_window
2025-09-12,WLD,-1,0.1035303673601705,no_price_inside_entry_window
2025-09-13,BNB,1,0.9251053068437622,no_price_inside_entry_window
2025-09-13,SAND,1,0.8996704639625753,no_price_inside_entry_window
2025-09-13,BTC,1,0.8704432482708439,no_price_inside_entry_window
2025-09-13,PYTH,-1,0.0781129249662042,no_price_inside_entry_window
2025-09-13,MEME,-1,0.109031731185636,no_price_inside_entry_window
2025-09-13,FARTCOIN,-1,0.1216409873912781,no_price_inside_entry_window
2025-09-14,LTC,1,0.9069367175669398,no_price_inside_entry_window
2025-09-14,ATOM,1,0.8922007545361733,no_price_inside_entry_window
2025-09-14,BNB,1,0.876321822188531,no_price_inside_entry_window
2025-09-14,MAV,-1,0.0769928414225175,no_price_inside_entry_window
2025-09-14,PROMPT,-1,0.0854630573927741,no_price_inside_entry_window
2025-09-14,WLD,-1,0.1038463670349918,no_price_inside_entry_window
2025-09-15,BCH,1,0.9005479914879728,no_price_inside_entry_window
2025-09-15,BNB,1,0.8644600885515409,no_price_inside_entry_window
2025-09-15,POLYX,1,0.8479110988624978,no_price_inside_entry_window
2025-09-15,MEME,-1,0.0986884073551405,no_price_inside_entry_window
2025-09-15,WLD,-1,0.1039841221033781,no_price_inside_entry_window
2025-09-15,PYTH,-1,0.1064160163417739,no_price_inside_entry_window
2025-09-16,BTC,1,0.9548850125226565,no_price_inside_entry_window
2025-09-16,BNB,1,0.9372971939989913,no_price_inside_entry_window
2025-09-16,BCH,1,0.9094008364996624,no_price_inside_entry_window
2025-09-16,MAV,-1,0.0842379333425845,no_price_inside_entry_window
2025-09-16,YGG,-1,0.0969357988709367,no_price_inside_entry_window
2025-09-17,BNB,1,0.944733276232289,no_price_inside_entry_window
2025-09-17,BTC,1,0.8948926807549797,no_price_inside_entry_window
2025-09-17,DOT,1,0.8648913223410322,no_price_inside_entry_window
2025-09-17,YGG,-1,0.0958399335469244,no_price_inside_entry_window
2025-09-17,EIGEN,-1,0.0977898914630095,no_price_inside_entry_window
2025-09-18,BNB,1,0.946386730101624,no_price_inside_entry_window
2025-09-18,BCH,1,0.925760025041602,no_price_inside_entry_window
2025-09-18,LTC,1,0.8588989783107785,no_price_inside_entry_window
2025-09-18,ZORA,-1,0.0970366011385375,no_price_inside_entry_window
2025-09-18,YGG,-1,0.1076574987307621,no_price_inside_entry_window
2025-09-18,FARTCOIN,-1,0.120389151777567,no_price_inside_entry_window
2025-09-19,LTC,1,0.9038766463076692,no_price_inside_entry_window
2025-09-19,ATOM,1,0.8636664129015528,no_price_inside_entry_window
2025-09-19,SOL,1,0.8609206055547273,no_price_inside_entry_window
2025-09-19,ZORA,-1,0.1088142455089862,no_price_inside_entry_window
2025-09-19,PROMPT,-1,0.1093803761237281,no_price_inside_entry_window
2025-09-20,BNB,1,0.934088444081174,no_price_inside_entry_window
2025-09-20,POLYX,1,0.8509300213984912,no_price_inside_entry_window
2025-09-20,ONDO,1,0.8416987897126292,no_price_inside_entry_window
2025-09-20,MAV,-1,0.1268629858295328,no_price_inside_entry_window
2025-09-20,W,-1,0.143071628640997,no_price_inside_entry_window
2025-09-21,BNB,1,0.9682656702334744,no_price_inside_entry_window
2025-09-21,TRX,1,0.8609233323945017,no_price_inside_entry_window
2025-09-21,APT,1,0.8606398256605616,no_price_inside_entry_window
2025-09-21,TST,-1,0.0739239911707788,no_price_inside_entry_window
2025-09-21,PYTH,-1,0.115494463699999,no_price_inside_entry_window
2025-09-21,WLD,-1,0.1252640179222834,no_price_inside_entry_window
2025-09-22,BNB,1,0.9637548593405592,no_price_inside_entry_window
2025-09-22,LTC,1,0.9112266399250208,no_price_inside_entry_window
2025-09-22,MINA,1,0.8777013524641067,no_price_inside_entry_window
2025-09-22,BIO,-1,0.0819762653458388,no_price_inside_entry_window
2025-09-22,TST,-1,0.0876254911153044,no_price_inside_entry_window
2025-09-23,BTC,1,0.8968434407872719,no_price_inside_entry_window
2025-09-23,BNB,1,0.8895158593464083,no_price_inside_entry_window
2025-09-23,PAXG,1,0.8779120842625225,no_price_inside_entry_window
2025-09-23,MAV,-1,0.1103238780399891,no_price_inside_entry_window
2025-09-24,BNB,1,0.9370387762510451,no_price_inside_entry_window
2025-09-24,LTC,1,0.9290622831434532,no_price_inside_entry_window
2025-09-24,TON,1,0.8706570453217366,no_price_inside_entry_window
2025-09-24,MAV,-1,0.1044115182612735,no_price_inside_entry_window
2025-09-25,XRP,1,0.9198615310449728,no_price_inside_entry_window
2025-09-25,BTC,1,0.9084269056771708,no_price_inside_entry_window
2025-09-25,BNB,1,0.8704344032598846,no_price_inside_entry_window
2025-09-25,FTT,-1,0.1006518387622997,no_price_inside_entry_window
2025-09-25,ENA,-1,0.1596470268535204,no_price_inside_entry_window
2025-09-26,BTC,1,0.8952959642862393,no_price_inside_entry_window
2025-09-26,POLYX,1,0.8791717856841912,no_price_inside_entry_window
2025-09-26,TRX,1,0.8691431638145168,no_price_inside_entry_window
2025-09-26,MEME,-1,0.0837713078053996,no_price_inside_entry_window
2025-09-26,MERL,-1,0.0938387380315275,no_price_inside_entry_window
2025-09-27,ADA,1,0.8797234562020516,no_price_inside_entry_window
2025-09-27,MINA,1,0.8612906466830337,no_price_inside_entry_window
2025-09-27,APT,1,0.8608141002751646,no_price_inside_entry_window
2025-09-27,PROMPT,-1,0.0827525711012994,no_price_inside_entry_window
2025-09-27,PYTH,-1,0.0879442951660289,no_price_inside_entry_window
2025-09-28,BNB,1,0.9643403967959304,no_price_inside_entry_window
2025-09-28,XRP,1,0.9262448293326716,no_price_inside_entry_window
2025-09-28,BTC,1,0.8547501209686633,no_price_inside_entry_window
2025-09-28,WLD,-1,0.1394614111845924,no_price_inside_entry_window
2025-09-29,BNB,1,0.939258875117762,no_price_inside_entry_window
2025-09-29,XRP,1,0.9350020974815988,no_price_inside_entry_window
2025-09-29,BTC,1,0.9205416659923265,no_price_inside_entry_window
2025-09-29,DOOD,-1,0.0970774618854257,no_price_inside_entry_window
2025-09-29,SNX,-1,0.1130645585528291,no_price_inside_entry_window
2025-09-30,BTC,1,0.9684732048053007,no_price_inside_entry_window
2025-09-30,BNB,1,0.9642924441903932,no_price_inside_entry_window
2025-09-30,XRP,1,0.9141019174528676,no_price_inside_entry_window
2025-09-30,IP,-1,0.1026097791078281,no_price_inside_entry_window
2025-09-30,W,-1,0.1130499918915121,no_price_inside_entry_window
2025-09-30,EIGEN,-1,0.1239670319253093,no_price_inside_entry_window
2025-10-01,ADA,1,0.9097195088386928,no_price_inside_entry_window
2025-10-01,LTC,1,0.8874233650426646,no_price_inside_entry_window
2025-10-01,BCH,1,0.8399991109870277,no_price_inside_entry_window
2025-10-01,TST,-1,0.0874277831901499,no_price_inside_entry_window
2025-10-01,W,-1,0.0898721267778294,no_price_inside_entry_window
2025-10-01,EIGEN,-1,0.0943586257452335,no_price_inside_entry_window
2025-10-02,LTC,1,0.9347045542156932,no_price_inside_entry_window
2025-10-02,BCH,1,0.91387355790872,no_price_inside_entry_window
2025-10-02,XLM,1,0.8980586683534617,no_price_inside_entry_window
2025-10-02,MERL,-1,0.1343735793957183,no_price_inside_entry_window
2025-10-02,ETHFI,-1,0.1570584401501343,no_price_inside_entry_window
2025-10-02,SUPER,-1,0.1712265086323409,no_price_inside_entry_window
2025-10-03,BNB,1,0.8984181693784182,no_price_inside_entry_window
2025-10-03,XRP,1,0.8973911324574055,no_price_inside_entry_window
2025-10-03,BTC,1,0.8888421486264559,no_price_inside_entry_window
2025-10-03,SNX,-1,0.101896905580186,no_price_inside_entry_window
2025-10-03,STRK,-1,0.1360900270672746,no_price_inside_entry_window
2025-10-03,ETHFI,-1,0.1379348232766194,no_price_inside_entry_window
